用語ID,用語,大カテゴリー,中カテゴリー,シラバス項目,表記揺れ考慮済み生出現回数,技術的な独自説明,関連用語
GK-001,AI 効果,技術分野,人工知能とは,人工知能の定義,47,実用化されたAI技術が一般的な機能として受け入れられ、AIと意識されにくくなる現象。,エージェント、人工知能、機械学習、ディープラーニング
GK-002,エージェント,技術分野,人工知能とは,人工知能の定義,138,環境を観測し、目標に向けて自律的に行動するソフトウェアやロボット。,AI 効果、人工知能、機械学習、ディープラーニング
GK-003,人工知能,技術分野,人工知能とは,人工知能の定義,135,人間の知的な活動をコンピュータで実現しようとする技術や研究分野。,AI 効果、エージェント、機械学習、ディープラーニング
GK-004,機械学習,技術分野,人工知能とは,人工知能の定義,396,データから規則やパターンを学習し、予測や分類を行う手法。,AI 効果、エージェント、人工知能、ディープラーニング
GK-005,ディープラーニング,技術分野,人工知能とは,人工知能の定義,249,多層ニューラルネットワークでデータの特徴を学習する機械学習の一分野。,AI 効果、エージェント、人工知能、機械学習
GK-006,シンギュラリティ,技術分野,人工知能とは,人工知能分野で議論される問題,66,AIなどが人間の知能を大きく超える転換点が訪れるという仮説。,シンボルグラウンディング問題、身体性、ダートマス会議、トイ・プロブレム、知識獲得のボトルネック、チューリングテスト、中国語の部屋、強いAI、弱いAI、フレーム問題、ルールベース機械翻訳、ローブナーコンテスト
GK-007,シンボルグラウンディング問題,技術分野,人工知能とは,人工知能分野で議論される問題,56,記号と現実世界の対象や経験を結び付け、意味を持たせる方法を問う問題。,シンギュラリティ、身体性、ダートマス会議、トイ・プロブレム、知識獲得のボトルネック、チューリングテスト、中国語の部屋、強いAI、弱いAI、フレーム問題、ルールベース機械翻訳、ローブナーコンテスト
GK-008,身体性,技術分野,人工知能とは,人工知能分野で議論される問題,42,知能や認知が身体と環境との相互作用から生じるという考え方。,シンギュラリティ、シンボルグラウンディング問題、ダートマス会議、トイ・プロブレム、知識獲得のボトルネック、チューリングテスト、中国語の部屋、強いAI、弱いAI、フレーム問題、ルールベース機械翻訳、ローブナーコンテスト
GK-009,ダートマス会議,技術分野,人工知能とは,人工知能分野で議論される問題,72,1956年に開かれ、人工知能という研究分野の成立に大きな影響を与えた研究会議。,シンギュラリティ、シンボルグラウンディング問題、身体性、トイ・プロブレム、知識獲得のボトルネック、チューリングテスト、中国語の部屋、強いAI、弱いAI、フレーム問題、ルールベース機械翻訳、ローブナーコンテスト
GK-010,トイ・プロブレム,技術分野,人工知能とは,人工知能分野で議論される問題,19,現実の複雑さを避け、限定された条件で解く人工知能の研究課題。,シンギュラリティ、シンボルグラウンディング問題、身体性、ダートマス会議、知識獲得のボトルネック、チューリングテスト、中国語の部屋、強いAI、弱いAI、フレーム問題、ルールベース機械翻訳、ローブナーコンテスト
GK-011,知識獲得のボトルネック,技術分野,人工知能とは,人工知能分野で議論される問題,58,専門家の知識をコンピュータで扱える形に整理する作業が難しいという問題。,シンギュラリティ、シンボルグラウンディング問題、身体性、ダートマス会議、トイ・プロブレム、チューリングテスト、中国語の部屋、強いAI、弱いAI、フレーム問題、ルールベース機械翻訳、ローブナーコンテスト
GK-012,チューリングテスト,技術分野,人工知能とは,人工知能分野で議論される問題,83,機械との対話で、人間と機械を区別できるかによって知能を考える評価方法。,シンギュラリティ、シンボルグラウンディング問題、身体性、ダートマス会議、トイ・プロブレム、知識獲得のボトルネック、中国語の部屋、強いAI、弱いAI、フレーム問題、ルールベース機械翻訳、ローブナーコンテスト
GK-013,中国語の部屋,技術分野,人工知能とは,人工知能分野で議論される問題,45,記号操作だけで理解が生じるのかを問う、人工知能に関する思考実験。,シンギュラリティ、シンボルグラウンディング問題、身体性、ダートマス会議、トイ・プロブレム、知識獲得のボトルネック、チューリングテスト、強いAI、弱いAI、フレーム問題、ルールベース機械翻訳、ローブナーコンテスト
GK-014-a,強いAI,技術分野,人工知能とは,人工知能分野で議論される問題,55,人間のような心や意識を備えた、汎用的な知能をAIで実現できるとする考え方。,シンギュラリティ、シンボルグラウンディング問題、身体性、ダートマス会議、トイ・プロブレム、知識獲得のボトルネック、チューリングテスト、中国語の部屋、弱いAI、フレーム問題、ルールベース機械翻訳、ローブナーコンテスト
GK-014-b,弱いAI,技術分野,人工知能とは,人工知能分野で議論される問題,59,特定の課題に特化し、知的な振る舞いを模倣するAI。現在実用化されている多くのAIはこの種類に含まれる。,シンギュラリティ、シンボルグラウンディング問題、身体性、ダートマス会議、トイ・プロブレム、知識獲得のボトルネック、チューリングテスト、中国語の部屋、強いAI、フレーム問題、ルールベース機械翻訳、ローブナーコンテスト
GK-015,統計的機械翻訳,技術分野,人工知能とは / ディープラーニングの応用例,人工知能分野で議論される問題 / 自然言語処理,17,対訳データから翻訳の確率的な規則を学習する機械翻訳の方法。,
GK-016,フレーム問題,技術分野,人工知能とは,人工知能分野で議論される問題,34,行動によって変化する事柄と、変化しない事柄を適切に扱う難しさ。,シンギュラリティ、シンボルグラウンディング問題、身体性、ダートマス会議、トイ・プロブレム、知識獲得のボトルネック、チューリングテスト、中国語の部屋、強いAI、弱いAI、ルールベース機械翻訳、ローブナーコンテスト
GK-017,ルールベース機械翻訳,技術分野,人工知能とは,人工知能分野で議論される問題,34,人が定めた文法規則や辞書を使って翻訳する方法。,シンギュラリティ、シンボルグラウンディング問題、身体性、ダートマス会議、トイ・プロブレム、知識獲得のボトルネック、チューリングテスト、中国語の部屋、強いAI、弱いAI、フレーム問題、ローブナーコンテスト
GK-018,ローブナーコンテスト,技術分野,人工知能とは,人工知能分野で議論される問題,36,人間らしい対話を行うコンピュータプログラムを競わせたコンテスト。,シンギュラリティ、シンボルグラウンディング問題、身体性、ダートマス会議、トイ・プロブレム、知識獲得のボトルネック、チューリングテスト、中国語の部屋、強いAI、弱いAI、フレーム問題、ルールベース機械翻訳
GK-019,αβ 法,技術分野,人工知能をめぐる動向,探索・推論,65,ゲーム木の探索で、最適解に影響しない枝を省いて計算量を減らす方法。,Mini-Max 法、SHRDLU、STRIPS、探索木、ハノイの塔、幅優先探索、深さ優先探索、ブルートフォース、モンテカルロ法
GK-020,Mini-Max 法,技術分野,人工知能をめぐる動向,探索・推論,175,二人零和ゲームで、自分の利得を最大化し相手の利得を最小化する探索方法。,αβ 法、SHRDLU、STRIPS、探索木、ハノイの塔、幅優先探索、深さ優先探索、ブルートフォース、モンテカルロ法
GK-021,SHRDLU,技術分野,人工知能をめぐる動向,探索・推論,61,限定された積み木の世界で、自然言語による指示を理解した初期の対話システム。,αβ 法、Mini-Max 法、STRIPS、探索木、ハノイの塔、幅優先探索、深さ優先探索、ブルートフォース、モンテカルロ法
GK-022,STRIPS,技術分野,人工知能をめぐる動向,探索・推論,67,行動の前提条件と結果を使って、目標までの計画を立てる方式。,αβ 法、Mini-Max 法、SHRDLU、探索木、ハノイの塔、幅優先探索、深さ優先探索、ブルートフォース、モンテカルロ法
GK-023,探索木,技術分野,人工知能をめぐる動向,探索・推論,20,問題の状態と選択肢の関係を木構造で表したもの。,αβ 法、Mini-Max 法、SHRDLU、STRIPS、ハノイの塔、幅優先探索、深さ優先探索、ブルートフォース、モンテカルロ法
GK-024,ハノイの塔,技術分野,人工知能をめぐる動向,探索・推論,52,円盤の移動規則に従って解を探す、探索や再帰の例題。,αβ 法、Mini-Max 法、SHRDLU、STRIPS、探索木、幅優先探索、深さ優先探索、ブルートフォース、モンテカルロ法
GK-025,幅優先探索,技術分野,人工知能をめぐる動向,探索・推論,100,開始地点から近い状態を優先して調べる探索方法。,αβ 法、Mini-Max 法、SHRDLU、STRIPS、探索木、ハノイの塔、深さ優先探索、ブルートフォース、モンテカルロ法
GK-026,深さ優先探索,技術分野,人工知能をめぐる動向,探索・推論,95,一つの経路を深く進み、行き止まりで戻る探索方法。,αβ 法、Mini-Max 法、SHRDLU、STRIPS、探索木、ハノイの塔、幅優先探索、ブルートフォース、モンテカルロ法
GK-027,ブルートフォース,技術分野,人工知能をめぐる動向,探索・推論,57,候補を総当たりして解を探す方法。,αβ 法、Mini-Max 法、SHRDLU、STRIPS、探索木、ハノイの塔、幅優先探索、深さ優先探索、モンテカルロ法
GK-028,モンテカルロ法,技術分野,人工知能をめぐる動向,探索・推論,67,乱数による試行を繰り返し、確率や解を近似する方法。,αβ 法、Mini-Max 法、SHRDLU、STRIPS、探索木、ハノイの塔、幅優先探索、深さ優先探索、ブルートフォース
GK-029,Cyc プロジェクト,技術分野,人工知能をめぐる動向,知識表現とエキスパートシステム,49,人間の常識知識をコンピュータに蓄積することを目指した知識ベース計画。,DENDRAL、is-aの関係、has-aの関係、part-ofの関係、Question-Answering、意味ネットワーク、イライザ (ELIZA)、インタビューシステム、ウェブマイニング、オントロジー、セマンティック Web、データマイニング、東ロボくん、マイシン (MYCIN)、ワトソン
GK-030,DENDRAL,技術分野,人工知能をめぐる動向,知識表現とエキスパートシステム,73,化学データから分子構造を推定する初期のエキスパートシステム。,Cyc プロジェクト、is-aの関係、has-aの関係、part-ofの関係、Question-Answering、意味ネットワーク、イライザ (ELIZA)、インタビューシステム、ウェブマイニング、オントロジー、セマンティック Web、データマイニング、東ロボくん、マイシン (MYCIN)、ワトソン
GK-031-a,is-aの関係,技術分野,人工知能をめぐる動向,知識表現とエキスパートシステム,74,ある概念が別の概念の一種であることを表す関係。,Cyc プロジェクト、DENDRAL、has-aの関係、part-ofの関係、Question-Answering、意味ネットワーク、イライザ (ELIZA)、インタビューシステム、ウェブマイニング、オントロジー、セマンティック Web、データマイニング、東ロボくん、マイシン (MYCIN)、ワトソン
GK-031-b,has-aの関係,技術分野,人工知能をめぐる動向,知識表現とエキスパートシステム,62,ある概念が別の概念を構成要素として持つことを表す関係。,Cyc プロジェクト、DENDRAL、is-aの関係、part-ofの関係、Question-Answering、意味ネットワーク、イライザ (ELIZA)、インタビューシステム、ウェブマイニング、オントロジー、セマンティック Web、データマイニング、東ロボくん、マイシン (MYCIN)、ワトソン
GK-031-c,part-ofの関係,技術分野,人工知能をめぐる動向,知識表現とエキスパートシステム,69,ある概念が別の概念の一部分であることを表す関係。,Cyc プロジェクト、DENDRAL、is-aの関係、has-aの関係、Question-Answering、意味ネットワーク、イライザ (ELIZA)、インタビューシステム、ウェブマイニング、オントロジー、セマンティック Web、データマイニング、東ロボくん、マイシン (MYCIN)、ワトソン
GK-032,Question-Answering,技術分野,人工知能をめぐる動向,知識表現とエキスパートシステム,155,質問を入力として受け取り、答えを検索または生成する処理。,Cyc プロジェクト、DENDRAL、is-aの関係、has-aの関係、part-ofの関係、意味ネットワーク、イライザ (ELIZA)、インタビューシステム、ウェブマイニング、オントロジー、セマンティック Web、データマイニング、東ロボくん、マイシン (MYCIN)、ワトソン
GK-033,意味ネットワーク,技術分野,人工知能をめぐる動向,知識表現とエキスパートシステム,88,概念をノード、概念間の関係をリンクとして表す知識表現。,Cyc プロジェクト、DENDRAL、is-aの関係、has-aの関係、part-ofの関係、Question-Answering、イライザ (ELIZA)、インタビューシステム、ウェブマイニング、オントロジー、セマンティック Web、データマイニング、東ロボくん、マイシン (MYCIN)、ワトソン
GK-034,イライザ (ELIZA),技術分野,人工知能をめぐる動向,知識表現とエキスパートシステム,85,入力された文章に定型的な規則で応答する初期の対話プログラム。,Cyc プロジェクト、DENDRAL、is-aの関係、has-aの関係、part-ofの関係、Question-Answering、意味ネットワーク、インタビューシステム、ウェブマイニング、オントロジー、セマンティック Web、データマイニング、東ロボくん、マイシン (MYCIN)、ワトソン
GK-035,インタビューシステム,技術分野,人工知能をめぐる動向,知識表現とエキスパートシステム,50,質問と回答を通じて情報を収集・整理する対話型システム。,Cyc プロジェクト、DENDRAL、is-aの関係、has-aの関係、part-ofの関係、Question-Answering、意味ネットワーク、イライザ (ELIZA)、ウェブマイニング、オントロジー、セマンティック Web、データマイニング、東ロボくん、マイシン (MYCIN)、ワトソン
GK-036,ウェブマイニング,技術分野,人工知能をめぐる動向,知識表現とエキスパートシステム,53,ウェブ上の文書、リンク、利用履歴などから情報を発見する技術。,Cyc プロジェクト、DENDRAL、is-aの関係、has-aの関係、part-ofの関係、Question-Answering、意味ネットワーク、イライザ (ELIZA)、インタビューシステム、オントロジー、セマンティック Web、データマイニング、東ロボくん、マイシン (MYCIN)、ワトソン
GK-037,オントロジー,技術分野,人工知能をめぐる動向,知識表現とエキスパートシステム,93,概念とその関係を明示的に定義した知識の体系。,Cyc プロジェクト、DENDRAL、is-aの関係、has-aの関係、part-ofの関係、Question-Answering、意味ネットワーク、イライザ (ELIZA)、インタビューシステム、ウェブマイニング、セマンティック Web、データマイニング、東ロボくん、マイシン (MYCIN)、ワトソン
GK-038,セマンティック Web,技術分野,人工知能をめぐる動向,知識表現とエキスパートシステム,66,ウェブ上の情報に機械が扱える意味情報を付加する構想。,Cyc プロジェクト、DENDRAL、is-aの関係、has-aの関係、part-ofの関係、Question-Answering、意味ネットワーク、イライザ (ELIZA)、インタビューシステム、ウェブマイニング、オントロジー、データマイニング、東ロボくん、マイシン (MYCIN)、ワトソン
GK-039,データマイニング,技術分野,人工知能をめぐる動向,知識表現とエキスパートシステム,7,大量のデータから、有用な規則や傾向を発見する分析手法。,Cyc プロジェクト、DENDRAL、is-aの関係、has-aの関係、part-ofの関係、Question-Answering、意味ネットワーク、イライザ (ELIZA)、インタビューシステム、ウェブマイニング、オントロジー、セマンティック Web、東ロボくん、マイシン (MYCIN)、ワトソン
GK-040,東ロボくん,技術分野,人工知能をめぐる動向,知識表現とエキスパートシステム,57,大学入試問題への回答を目指して開発された人工知能プロジェクト。,Cyc プロジェクト、DENDRAL、is-aの関係、has-aの関係、part-ofの関係、Question-Answering、意味ネットワーク、イライザ (ELIZA)、インタビューシステム、ウェブマイニング、オントロジー、セマンティック Web、データマイニング、マイシン (MYCIN)、ワトソン
GK-041,マイシン (MYCIN),技術分野,人工知能をめぐる動向,知識表現とエキスパートシステム,72,感染症の診断や抗菌薬の選択を支援した初期のエキスパートシステム。,Cyc プロジェクト、DENDRAL、is-aの関係、has-aの関係、part-ofの関係、Question-Answering、意味ネットワーク、イライザ (ELIZA)、インタビューシステム、ウェブマイニング、オントロジー、セマンティック Web、データマイニング、東ロボくん、ワトソン
GK-042,ワトソン,技術分野,人工知能をめぐる動向,知識表現とエキスパートシステム,9,質問応答や知識検索を行うIBMの人工知能システム。,Cyc プロジェクト、DENDRAL、is-aの関係、has-aの関係、part-ofの関係、Question-Answering、意味ネットワーク、イライザ (ELIZA)、インタビューシステム、ウェブマイニング、オントロジー、セマンティック Web、データマイニング、東ロボくん、マイシン (MYCIN)
GK-043,次元の呪い,技術分野,人工知能をめぐる動向,機械学習,85,特徴量の次元が増えると、データ量や計算量が急増し分析が難しくなる問題。,スパムフィルタ、ビッグデータ、レコメンデーションエンジン、統計的自然言語処理
GK-044,スパムフィルタ,技術分野,人工知能をめぐる動向,機械学習,53,迷惑メールなどの不要な情報を判定して振り分ける仕組み。,次元の呪い、ビッグデータ、レコメンデーションエンジン、統計的自然言語処理
GK-045,ビッグデータ,技術分野,人工知能をめぐる動向,機械学習,65,量・種類・発生速度が大きく、従来の方法では扱いにくいデータ。,次元の呪い、スパムフィルタ、レコメンデーションエンジン、統計的自然言語処理
GK-046,レコメンデーションエンジン,技術分野,人工知能をめぐる動向,機械学習,47,利用者や商品などの情報から、推薦候補を提示するシステム。,次元の呪い、スパムフィルタ、ビッグデータ、統計的自然言語処理
GK-047,統計的自然言語処理,技術分野,人工知能をめぐる動向,機械学習,0,確率や統計モデルを使って、文章や音声などの言語データを処理する分野。,次元の呪い、スパムフィルタ、ビッグデータ、レコメンデーションエンジン
GK-048,ImageNet,技術分野,人工知能をめぐる動向,ディープラーニング,86,画像とそのカテゴリラベルを大量に収録した画像データセット。,ILSVRC、LeNet、アルファ碁 (AlphaGo)、人間の神経回路、ネオコグニトロン、生成 AI
GK-049,ILSVRC,技術分野,人工知能をめぐる動向,ディープラーニング,85,ImageNetを利用して画像認識手法の性能を競った大規模コンテスト。,ImageNet、LeNet、アルファ碁 (AlphaGo)、人間の神経回路、ネオコグニトロン、生成 AI
GK-050,LeNet,技術分野,人工知能をめぐる動向,ディープラーニング,355,手書き数字認識に用いられた初期の畳み込みニューラルネットワーク。,ImageNet、ILSVRC、アルファ碁 (AlphaGo)、人間の神経回路、ネオコグニトロン、生成 AI
GK-051,アルファ碁 (AlphaGo),技術分野,人工知能をめぐる動向,ディープラーニング,97,深層学習と探索を組み合わせ、囲碁をプレイした人工知能システム。,ImageNet、ILSVRC、LeNet、人間の神経回路、ネオコグニトロン、生成 AI
GK-052,人間の神経回路,技術分野,人工知能をめぐる動向,ディープラーニング,0,生物の神経細胞が信号を伝え、情報を処理する仕組み。,ImageNet、ILSVRC、LeNet、アルファ碁 (AlphaGo)、ネオコグニトロン、生成 AI
GK-053,ネオコグニトロン,技術分野,人工知能をめぐる動向,ディープラーニング,62,生物の視覚処理を参考に設計された、初期の階層型画像認識モデル。,ImageNet、ILSVRC、LeNet、アルファ碁 (AlphaGo)、人間の神経回路、生成 AI
GK-054,生成 AI,技術分野,人工知能をめぐる動向,ディープラーニング,42,学習したパターンをもとに文章、画像、音声などの新しいデータを作るAI。,ImageNet、ILSVRC、LeNet、アルファ碁 (AlphaGo)、人間の神経回路、ネオコグニトロン
GK-055,アンサンブル学習,技術分野,機械学習の概要,教師あり学習,123,複数のモデルを組み合わせて予測性能を高める方法。,カーネルトリック、回帰問題、決定木、勾配ブースティング、サポートベクターマシン (SVM)、線形回帰、自己回帰モデル (ARモデル)、単回帰分析、重回帰分析、多クラス分類、バギング、ブースティング、ブートストラップサンプリング、分類問題、ベクトル自己回帰モデル (VARモデル)、マージン最大化、ランダムフォレスト、ロジスティック回帰
GK-056,カーネル,技術分野,機械学習の概要 / ディープラーニングの要素技術,教師あり学習 / 畳み込み層,296,機械学習では二つのデータの類似度を表す関数。CNNでは入力から特徴を取り出す小さな重み行列を指すこともある。,
GK-057,カーネルトリック,技術分野,機械学習の概要,教師あり学習,89,高次元空間への明示的な変換を行わず、カーネルで計算する方法。,アンサンブル学習、回帰問題、決定木、勾配ブースティング、サポートベクターマシン (SVM)、線形回帰、自己回帰モデル (ARモデル)、単回帰分析、重回帰分析、多クラス分類、バギング、ブースティング、ブートストラップサンプリング、分類問題、ベクトル自己回帰モデル (VARモデル)、マージン最大化、ランダムフォレスト、ロジスティック回帰
GK-058,回帰問題,技術分野,機械学習の概要,教師あり学習,101,入力から連続的な数値を予測する機械学習の問題。,アンサンブル学習、カーネルトリック、決定木、勾配ブースティング、サポートベクターマシン (SVM)、線形回帰、自己回帰モデル (ARモデル)、単回帰分析、重回帰分析、多クラス分類、バギング、ブースティング、ブートストラップサンプリング、分類問題、ベクトル自己回帰モデル (VARモデル)、マージン最大化、ランダムフォレスト、ロジスティック回帰
GK-059,決定木,技術分野,機械学習の概要,教師あり学習,226,条件分岐を木構造で表し、予測や分類を行うモデル。,アンサンブル学習、カーネルトリック、回帰問題、勾配ブースティング、サポートベクターマシン (SVM)、線形回帰、自己回帰モデル (ARモデル)、単回帰分析、重回帰分析、多クラス分類、バギング、ブースティング、ブートストラップサンプリング、分類問題、ベクトル自己回帰モデル (VARモデル)、マージン最大化、ランダムフォレスト、ロジスティック回帰
GK-060,勾配ブースティング,技術分野,機械学習の概要,教師あり学習,91,弱い予測モデルを順に追加し、前の誤りを補正して強いモデルを作る方法。,アンサンブル学習、カーネルトリック、回帰問題、決定木、サポートベクターマシン (SVM)、線形回帰、自己回帰モデル (ARモデル)、単回帰分析、重回帰分析、多クラス分類、バギング、ブースティング、ブートストラップサンプリング、分類問題、ベクトル自己回帰モデル (VARモデル)、マージン最大化、ランダムフォレスト、ロジスティック回帰
GK-061,サポートベクターマシン (SVM),技術分野,機械学習の概要,教師あり学習,185,クラス間の境界からの余白を最大化して分類する機械学習モデル。,アンサンブル学習、カーネルトリック、回帰問題、決定木、勾配ブースティング、線形回帰、自己回帰モデル (ARモデル)、単回帰分析、重回帰分析、多クラス分類、バギング、ブースティング、ブートストラップサンプリング、分類問題、ベクトル自己回帰モデル (VARモデル)、マージン最大化、ランダムフォレスト、ロジスティック回帰
GK-062,線形回帰,技術分野,機械学習の概要,教師あり学習,29,入力と出力の関係を線形式で表して数値を予測する手法。,アンサンブル学習、カーネルトリック、回帰問題、決定木、勾配ブースティング、サポートベクターマシン (SVM)、自己回帰モデル (ARモデル)、単回帰分析、重回帰分析、多クラス分類、バギング、ブースティング、ブートストラップサンプリング、分類問題、ベクトル自己回帰モデル (VARモデル)、マージン最大化、ランダムフォレスト、ロジスティック回帰
GK-063,自己回帰モデル (ARモデル),技術分野,機械学習の概要,教師あり学習,175,時系列の現在値を過去の値の線形結合などで表し、将来値を予測するモデル。,アンサンブル学習、カーネルトリック、回帰問題、決定木、勾配ブースティング、サポートベクターマシン (SVM)、線形回帰、単回帰分析、重回帰分析、多クラス分類、バギング、ブースティング、ブートストラップサンプリング、分類問題、ベクトル自己回帰モデル (VARモデル)、マージン最大化、ランダムフォレスト、ロジスティック回帰
GK-064,単回帰分析,技術分野,機械学習の概要,教師あり学習,1,一つの説明変数から一つの目的変数を予測する回帰分析。,アンサンブル学習、カーネルトリック、回帰問題、決定木、勾配ブースティング、サポートベクターマシン (SVM)、線形回帰、自己回帰モデル (ARモデル)、重回帰分析、多クラス分類、バギング、ブースティング、ブートストラップサンプリング、分類問題、ベクトル自己回帰モデル (VARモデル)、マージン最大化、ランダムフォレスト、ロジスティック回帰
GK-065,重回帰分析,技術分野,機械学習の概要,教師あり学習,82,複数の説明変数から一つの目的変数を予測する回帰分析。,アンサンブル学習、カーネルトリック、回帰問題、決定木、勾配ブースティング、サポートベクターマシン (SVM)、線形回帰、自己回帰モデル (ARモデル)、単回帰分析、多クラス分類、バギング、ブースティング、ブートストラップサンプリング、分類問題、ベクトル自己回帰モデル (VARモデル)、マージン最大化、ランダムフォレスト、ロジスティック回帰
GK-066,多クラス分類,技術分野,機械学習の概要,教師あり学習,117,三つ以上のクラスのいずれかにデータを分類する問題。,アンサンブル学習、カーネルトリック、回帰問題、決定木、勾配ブースティング、サポートベクターマシン (SVM)、線形回帰、自己回帰モデル (ARモデル)、単回帰分析、重回帰分析、バギング、ブースティング、ブートストラップサンプリング、分類問題、ベクトル自己回帰モデル (VARモデル)、マージン最大化、ランダムフォレスト、ロジスティック回帰
GK-067,バギング,技術分野,機械学習の概要,教師あり学習,129,データを再標本化して複数モデルを学習し、その結果を統合する方法。,アンサンブル学習、カーネルトリック、回帰問題、決定木、勾配ブースティング、サポートベクターマシン (SVM)、線形回帰、自己回帰モデル (ARモデル)、単回帰分析、重回帰分析、多クラス分類、ブースティング、ブートストラップサンプリング、分類問題、ベクトル自己回帰モデル (VARモデル)、マージン最大化、ランダムフォレスト、ロジスティック回帰
GK-068,ブースティング,技術分野,機械学習の概要,教師あり学習,219,前のモデルが誤ったデータを重視しながら、モデルを順番に組み合わせる方法。,アンサンブル学習、カーネルトリック、回帰問題、決定木、勾配ブースティング、サポートベクターマシン (SVM)、線形回帰、自己回帰モデル (ARモデル)、単回帰分析、重回帰分析、多クラス分類、バギング、ブートストラップサンプリング、分類問題、ベクトル自己回帰モデル (VARモデル)、マージン最大化、ランダムフォレスト、ロジスティック回帰
GK-069,ブートストラップサンプリング,技術分野,機械学習の概要,教師あり学習,81,元データから復元抽出を繰り返し、複数の標本を作る方法。,アンサンブル学習、カーネルトリック、回帰問題、決定木、勾配ブースティング、サポートベクターマシン (SVM)、線形回帰、自己回帰モデル (ARモデル)、単回帰分析、重回帰分析、多クラス分類、バギング、ブースティング、分類問題、ベクトル自己回帰モデル (VARモデル)、マージン最大化、ランダムフォレスト、ロジスティック回帰
GK-070,分類問題,技術分野,機械学習の概要,教師あり学習,122,データをあらかじめ定めたクラスに振り分ける機械学習の問題。,アンサンブル学習、カーネルトリック、回帰問題、決定木、勾配ブースティング、サポートベクターマシン (SVM)、線形回帰、自己回帰モデル (ARモデル)、単回帰分析、重回帰分析、多クラス分類、バギング、ブースティング、ブートストラップサンプリング、ベクトル自己回帰モデル (VARモデル)、マージン最大化、ランダムフォレスト、ロジスティック回帰
GK-071,ベクトル自己回帰モデル (VARモデル),技術分野,機械学習の概要,教師あり学習,84,複数の時系列について、互いの過去値を使って現在値を表すモデル。,アンサンブル学習、カーネルトリック、回帰問題、決定木、勾配ブースティング、サポートベクターマシン (SVM)、線形回帰、自己回帰モデル (ARモデル)、単回帰分析、重回帰分析、多クラス分類、バギング、ブースティング、ブートストラップサンプリング、分類問題、マージン最大化、ランダムフォレスト、ロジスティック回帰
GK-072,マージン最大化,技術分野,機械学習の概要,教師あり学習,83,分類境界と最も近いデータとの距離を大きくする考え方。,アンサンブル学習、カーネルトリック、回帰問題、決定木、勾配ブースティング、サポートベクターマシン (SVM)、線形回帰、自己回帰モデル (ARモデル)、単回帰分析、重回帰分析、多クラス分類、バギング、ブースティング、ブートストラップサンプリング、分類問題、ベクトル自己回帰モデル (VARモデル)、ランダムフォレスト、ロジスティック回帰
GK-073,ランダムフォレスト,技術分野,機械学習の概要,教師あり学習,214,複数の決定木を学習し、その予測を組み合わせるアンサンブル手法。,アンサンブル学習、カーネルトリック、回帰問題、決定木、勾配ブースティング、サポートベクターマシン (SVM)、線形回帰、自己回帰モデル (ARモデル)、単回帰分析、重回帰分析、多クラス分類、バギング、ブースティング、ブートストラップサンプリング、分類問題、ベクトル自己回帰モデル (VARモデル)、マージン最大化、ロジスティック回帰
GK-074,ロジスティック回帰,技術分野,機械学習の概要,教師あり学習,124,線形結合をシグモイド関数などで確率に変換し、主に二値分類に使う統計モデル。,アンサンブル学習、カーネルトリック、回帰問題、決定木、勾配ブースティング、サポートベクターマシン (SVM)、線形回帰、自己回帰モデル (ARモデル)、単回帰分析、重回帰分析、多クラス分類、バギング、ブースティング、ブートストラップサンプリング、分類問題、ベクトル自己回帰モデル (VARモデル)、マージン最大化、ランダムフォレスト
GK-075,k-means 法,技術分野,機械学習の概要,教師なし学習,163,データを指定したk個のクラスタに分け、各中心との距離を小さくする方法。,t-SNE、ウォード法、協調フィルタリング、クラスタリング、コールドスタート問題、コンテンツベースフィルタリング、主成分分析 (PCA)、潜在的ディリクレ配分法 (LDA)、多次元尺度構成法 (MDS)、デンドログラム (樹形図)、特異値分解 (SVD)、トピックモデル
GK-076,t-SNE,技術分野,機械学習の概要,教師なし学習,96,高次元データの近い関係を保ちながら、低次元に可視化する手法。,k-means 法、ウォード法、協調フィルタリング、クラスタリング、コールドスタート問題、コンテンツベースフィルタリング、主成分分析 (PCA)、潜在的ディリクレ配分法 (LDA)、多次元尺度構成法 (MDS)、デンドログラム (樹形図)、特異値分解 (SVD)、トピックモデル
GK-077,ウォード法,技術分野,機械学習の概要,教師なし学習,87,クラスタを統合したときの分散の増加が小さくなるように階層化する方法。,k-means 法、t-SNE、協調フィルタリング、クラスタリング、コールドスタート問題、コンテンツベースフィルタリング、主成分分析 (PCA)、潜在的ディリクレ配分法 (LDA)、多次元尺度構成法 (MDS)、デンドログラム (樹形図)、特異値分解 (SVD)、トピックモデル
GK-078,協調フィルタリング,技術分野,機械学習の概要,教師なし学習,103,利用者や商品の行動履歴の類似性から推薦を行う方法。,k-means 法、t-SNE、ウォード法、クラスタリング、コールドスタート問題、コンテンツベースフィルタリング、主成分分析 (PCA)、潜在的ディリクレ配分法 (LDA)、多次元尺度構成法 (MDS)、デンドログラム (樹形図)、特異値分解 (SVD)、トピックモデル
GK-079,クラスタリング,技術分野,機械学習の概要,教師なし学習,252,似た特徴を持つデータを自動的にグループ化する手法。,k-means 法、t-SNE、ウォード法、協調フィルタリング、コールドスタート問題、コンテンツベースフィルタリング、主成分分析 (PCA)、潜在的ディリクレ配分法 (LDA)、多次元尺度構成法 (MDS)、デンドログラム (樹形図)、特異値分解 (SVD)、トピックモデル
GK-080,コールドスタート問題,技術分野,機械学習の概要,教師なし学習,9,新しい利用者や商品に履歴がなく、推薦が難しくなる問題。,k-means 法、t-SNE、ウォード法、協調フィルタリング、クラスタリング、コンテンツベースフィルタリング、主成分分析 (PCA)、潜在的ディリクレ配分法 (LDA)、多次元尺度構成法 (MDS)、デンドログラム (樹形図)、特異値分解 (SVD)、トピックモデル
GK-081,コンテンツベースフィルタリング,技術分野,機械学習の概要,教師なし学習,85,商品の内容と利用者の過去の好みの類似性から推薦する方法。,k-means 法、t-SNE、ウォード法、協調フィルタリング、クラスタリング、コールドスタート問題、主成分分析 (PCA)、潜在的ディリクレ配分法 (LDA)、多次元尺度構成法 (MDS)、デンドログラム (樹形図)、特異値分解 (SVD)、トピックモデル
GK-082,次元削減,技術分野,機械学習の概要 / ディープラーニングの要素技術,教師なし学習 / オートエンコーダ,206,情報をできるだけ保ちながら、特徴量の数を減らす方法。,
GK-083,主成分分析 (PCA),技術分野,機械学習の概要,教師なし学習,183,データのばらつきが大きい方向を求め、少ない軸で表現する次元削減法。,k-means 法、t-SNE、ウォード法、協調フィルタリング、クラスタリング、コールドスタート問題、コンテンツベースフィルタリング、潜在的ディリクレ配分法 (LDA)、多次元尺度構成法 (MDS)、デンドログラム (樹形図)、特異値分解 (SVD)、トピックモデル
GK-084,潜在的ディリクレ配分法 (LDA),技術分野,機械学習の概要,教師なし学習,110,文書が複数の潜在的な話題から構成されると仮定して、話題の分布を推定するモデル。,k-means 法、t-SNE、ウォード法、協調フィルタリング、クラスタリング、コールドスタート問題、コンテンツベースフィルタリング、主成分分析 (PCA)、多次元尺度構成法 (MDS)、デンドログラム (樹形図)、特異値分解 (SVD)、トピックモデル
GK-085,多次元尺度構成法 (MDS),技術分野,機械学習の概要,教師なし学習,83,データ間の距離や類似度を保ちながら、低次元の座標へ配置する可視化手法。,k-means 法、t-SNE、ウォード法、協調フィルタリング、クラスタリング、コールドスタート問題、コンテンツベースフィルタリング、主成分分析 (PCA)、潜在的ディリクレ配分法 (LDA)、デンドログラム (樹形図)、特異値分解 (SVD)、トピックモデル
GK-086,デンドログラム (樹形図),技術分野,機械学習の概要,教師なし学習,97,階層型クラスタリングで、データやクラスタの統合過程を木構造で表した図。,k-means 法、t-SNE、ウォード法、協調フィルタリング、クラスタリング、コールドスタート問題、コンテンツベースフィルタリング、主成分分析 (PCA)、潜在的ディリクレ配分法 (LDA)、多次元尺度構成法 (MDS)、特異値分解 (SVD)、トピックモデル
GK-087,特異値分解 (SVD),技術分野,機械学習の概要,教師なし学習,89,行列を三つの行列の積に分解する方法で、次元削減や推薦などに使われる。,k-means 法、t-SNE、ウォード法、協調フィルタリング、クラスタリング、コールドスタート問題、コンテンツベースフィルタリング、主成分分析 (PCA)、潜在的ディリクレ配分法 (LDA)、多次元尺度構成法 (MDS)、デンドログラム (樹形図)、トピックモデル
GK-088,トピックモデル,技術分野,機械学習の概要,教師なし学習,7,文書に含まれる潜在的な話題と、各話題に関係する単語を推定するモデル。,k-means 法、t-SNE、ウォード法、協調フィルタリング、クラスタリング、コールドスタート問題、コンテンツベースフィルタリング、主成分分析 (PCA)、潜在的ディリクレ配分法 (LDA)、多次元尺度構成法 (MDS)、デンドログラム (樹形図)、特異値分解 (SVD)
GK-089,Actor-Critic,技術分野,機械学習の概要,強化学習,181,方策を学ぶActorと、状態や行動の価値を評価するCriticを同時に学習する強化学習法。,ε-greedy 方策、REINFORCE、Q 学習、UCB 方策、行動価値関数、状態価値関数、バンディットアルゴリズム、方策勾配法、マルコフ決定過程、割引率、SARSA
GK-090,ε-greedy 方策,技術分野,機械学習の概要,強化学習,90,一定確率で探索を行い、それ以外では現在最良と推定した行動を選ぶ方策。,Actor-Critic、REINFORCE、Q 学習、UCB 方策、行動価値関数、状態価値関数、バンディットアルゴリズム、方策勾配法、マルコフ決定過程、割引率、SARSA
GK-091,REINFORCE,技術分野,機械学習の概要,強化学習,88,得られた報酬に基づいて、方策の確率を直接更新する方策勾配法。,Actor-Critic、ε-greedy 方策、Q 学習、UCB 方策、行動価値関数、状態価値関数、バンディットアルゴリズム、方策勾配法、マルコフ決定過程、割引率、SARSA
GK-092,Q 学習,技術分野,機械学習の概要,強化学習,101,状態と行動の価値を更新しながら最適な行動を学ぶ強化学習法。,Actor-Critic、ε-greedy 方策、REINFORCE、UCB 方策、行動価値関数、状態価値関数、バンディットアルゴリズム、方策勾配法、マルコフ決定過程、割引率、SARSA
GK-093,UCB 方策,技術分野,機械学習の概要,強化学習,71,推定報酬と不確実性の大きさを合わせて、探索する行動を選ぶ方策。,Actor-Critic、ε-greedy 方策、REINFORCE、Q 学習、行動価値関数、状態価値関数、バンディットアルゴリズム、方策勾配法、マルコフ決定過程、割引率、SARSA
GK-094,行動価値関数,技術分野,機械学習の概要,強化学習,87,ある状態で特定の行動を選んだ後に得られる将来報酬の期待値。,Actor-Critic、ε-greedy 方策、REINFORCE、Q 学習、UCB 方策、状態価値関数、バンディットアルゴリズム、方策勾配法、マルコフ決定過程、割引率、SARSA
GK-095,状態価値関数,技術分野,機械学習の概要,強化学習,77,ある状態から方策に従って行動したときに得られる将来報酬の期待値。,Actor-Critic、ε-greedy 方策、REINFORCE、Q 学習、UCB 方策、行動価値関数、バンディットアルゴリズム、方策勾配法、マルコフ決定過程、割引率、SARSA
GK-096,バンディットアルゴリズム,技術分野,機械学習の概要,強化学習,8,複数の選択肢から試行と活用のバランスを取りながら報酬を最大化する方法。,Actor-Critic、ε-greedy 方策、REINFORCE、Q 学習、UCB 方策、行動価値関数、状態価値関数、方策勾配法、マルコフ決定過程、割引率、SARSA
GK-097,方策勾配法,技術分野,機械学習の概要,強化学習,99,行動方策のパラメータを、得られた報酬が増える方向へ更新する方法。,Actor-Critic、ε-greedy 方策、REINFORCE、Q 学習、UCB 方策、行動価値関数、状態価値関数、バンディットアルゴリズム、マルコフ決定過程、割引率、SARSA
GK-098,マルコフ決定過程,技術分野,機械学習の概要,強化学習,87,状態、行動、遷移確率、報酬で意思決定問題を表す数学モデル。,Actor-Critic、ε-greedy 方策、REINFORCE、Q 学習、UCB 方策、行動価値関数、状態価値関数、バンディットアルゴリズム、方策勾配法、割引率、SARSA
GK-099,割引率,技術分野,機械学習の概要,強化学習,95,将来得られる報酬を現在の価値に換算する係数。,Actor-Critic、ε-greedy 方策、REINFORCE、Q 学習、UCB 方策、行動価値関数、状態価値関数、バンディットアルゴリズム、方策勾配法、マルコフ決定過程、SARSA
GK-100,SARSA,技術分野,機械学習の概要,強化学習,1,現在の状態・行動から次の状態・行動までの経験を使って価値を更新する強化学習法。,Actor-Critic、ε-greedy 方策、REINFORCE、Q 学習、UCB 方策、行動価値関数、状態価値関数、バンディットアルゴリズム、方策勾配法、マルコフ決定過程、割引率
GK-101,k- 分割交差検証,技術分野,機械学習の概要,モデルの選択・評価,95,データをk個に分割し、各分割を順に検証用として使う交差検証。,平均二乗誤差 (MSE)、二乗平均平方根誤差 (RMSE)、平均絶対値誤差(MAE)、ROC曲線、AUC、赤池情報量規準 (AIC)、オッカムの剃刀、過学習、交差検証、偽陽性、偽陰性、真陽性、真陰性、混同行列、正解率、適合率、再現率、F値、汎化性能、ベイズ情報量規準(BIC)、ホールドアウト検証
GK-102,平均二乗誤差 (MSE),技術分野,機械学習の概要,モデルの選択・評価,320,予測値と正解値の差を二乗して平均した誤差指標。,k- 分割交差検証、二乗平均平方根誤差 (RMSE)、平均絶対値誤差(MAE)、ROC曲線、AUC、赤池情報量規準 (AIC)、オッカムの剃刀、過学習、交差検証、偽陽性、偽陰性、真陽性、真陰性、混同行列、正解率、適合率、再現率、F値、汎化性能、ベイズ情報量規準(BIC)、ホールドアウト検証
GK-103,二乗平均平方根誤差 (RMSE),技術分野,機械学習の概要,モデルの選択・評価,111,平均二乗誤差の平方根で、誤差と同じ単位で表す指標。,k- 分割交差検証、平均二乗誤差 (MSE)、平均絶対値誤差(MAE)、ROC曲線、AUC、赤池情報量規準 (AIC)、オッカムの剃刀、過学習、交差検証、偽陽性、偽陰性、真陽性、真陰性、混同行列、正解率、適合率、再現率、F値、汎化性能、ベイズ情報量規準(BIC)、ホールドアウト検証
GK-104,平均絶対値誤差(MAE),技術分野,機械学習の概要,モデルの選択・評価,127,予測値と正解値の差の絶対値を平均した誤差指標。,k- 分割交差検証、平均二乗誤差 (MSE)、二乗平均平方根誤差 (RMSE)、ROC曲線、AUC、赤池情報量規準 (AIC)、オッカムの剃刀、過学習、交差検証、偽陽性、偽陰性、真陽性、真陰性、混同行列、正解率、適合率、再現率、F値、汎化性能、ベイズ情報量規準(BIC)、ホールドアウト検証
GK-105-a,ROC曲線,技術分野,機械学習の概要,モデルの選択・評価,105,分類のしきい値を変えたときの真陽性率と偽陽性率の関係を表す曲線。,k- 分割交差検証、平均二乗誤差 (MSE)、二乗平均平方根誤差 (RMSE)、平均絶対値誤差(MAE)、AUC、赤池情報量規準 (AIC)、オッカムの剃刀、過学習、交差検証、偽陽性、偽陰性、真陽性、真陰性、混同行列、正解率、適合率、再現率、F値、汎化性能、ベイズ情報量規準(BIC)、ホールドアウト検証
GK-105-b,AUC,技術分野,機械学習の概要,モデルの選択・評価,83,ROC曲線の下側の面積で、分類器の識別性能を表す指標。,k- 分割交差検証、平均二乗誤差 (MSE)、二乗平均平方根誤差 (RMSE)、平均絶対値誤差(MAE)、ROC曲線、赤池情報量規準 (AIC)、オッカムの剃刀、過学習、交差検証、偽陽性、偽陰性、真陽性、真陰性、混同行列、正解率、適合率、再現率、F値、汎化性能、ベイズ情報量規準(BIC)、ホールドアウト検証
GK-106,赤池情報量規準 (AIC),技術分野,機械学習の概要,モデルの選択・評価,98,モデルの当てはまりと複雑さを合わせて評価し、値が小さいモデルを選ぶ指標。,k- 分割交差検証、平均二乗誤差 (MSE)、二乗平均平方根誤差 (RMSE)、平均絶対値誤差(MAE)、ROC曲線、AUC、オッカムの剃刀、過学習、交差検証、偽陽性、偽陰性、真陽性、真陰性、混同行列、正解率、適合率、再現率、F値、汎化性能、ベイズ情報量規準(BIC)、ホールドアウト検証
GK-107,オッカムの剃刀,技術分野,機械学習の概要,モデルの選択・評価,93,同じ程度に説明できるなら、より単純な仮定やモデルを選ぶ考え方。,k- 分割交差検証、平均二乗誤差 (MSE)、二乗平均平方根誤差 (RMSE)、平均絶対値誤差(MAE)、ROC曲線、AUC、赤池情報量規準 (AIC)、過学習、交差検証、偽陽性、偽陰性、真陽性、真陰性、混同行列、正解率、適合率、再現率、F値、汎化性能、ベイズ情報量規準(BIC)、ホールドアウト検証
GK-108,過学習,技術分野,機械学習の概要,モデルの選択・評価,324,学習データに適合しすぎ、未知のデータで性能が落ちる状態。,k- 分割交差検証、平均二乗誤差 (MSE)、二乗平均平方根誤差 (RMSE)、平均絶対値誤差(MAE)、ROC曲線、AUC、赤池情報量規準 (AIC)、オッカムの剃刀、交差検証、偽陽性、偽陰性、真陽性、真陰性、混同行列、正解率、適合率、再現率、F値、汎化性能、ベイズ情報量規準(BIC)、ホールドアウト検証
GK-109,交差検証,技術分野,機械学習の概要,モデルの選択・評価,203,データを分割し、学習と評価の組合せを変えて性能を確認する方法。,k- 分割交差検証、平均二乗誤差 (MSE)、二乗平均平方根誤差 (RMSE)、平均絶対値誤差(MAE)、ROC曲線、AUC、赤池情報量規準 (AIC)、オッカムの剃刀、過学習、偽陽性、偽陰性、真陽性、真陰性、混同行列、正解率、適合率、再現率、F値、汎化性能、ベイズ情報量規準(BIC)、ホールドアウト検証
GK-110-a,偽陽性,技術分野,機械学習の概要,モデルの選択・評価,124,実際は陰性なのに、陽性と誤って判定すること。,k- 分割交差検証、平均二乗誤差 (MSE)、二乗平均平方根誤差 (RMSE)、平均絶対値誤差(MAE)、ROC曲線、AUC、赤池情報量規準 (AIC)、オッカムの剃刀、過学習、交差検証、偽陰性、真陽性、真陰性、混同行列、正解率、適合率、再現率、F値、汎化性能、ベイズ情報量規準(BIC)、ホールドアウト検証
GK-110-b,偽陰性,技術分野,機械学習の概要,モデルの選択・評価,91,実際は陽性なのに、陰性と誤って判定すること。,k- 分割交差検証、平均二乗誤差 (MSE)、二乗平均平方根誤差 (RMSE)、平均絶対値誤差(MAE)、ROC曲線、AUC、赤池情報量規準 (AIC)、オッカムの剃刀、過学習、交差検証、偽陽性、真陽性、真陰性、混同行列、正解率、適合率、再現率、F値、汎化性能、ベイズ情報量規準(BIC)、ホールドアウト検証
GK-111-a,真陽性,技術分野,機械学習の概要,モデルの選択・評価,37,実際に陽性のものを、陽性と正しく判定すること。,k- 分割交差検証、平均二乗誤差 (MSE)、二乗平均平方根誤差 (RMSE)、平均絶対値誤差(MAE)、ROC曲線、AUC、赤池情報量規準 (AIC)、オッカムの剃刀、過学習、交差検証、偽陽性、偽陰性、真陰性、混同行列、正解率、適合率、再現率、F値、汎化性能、ベイズ情報量規準(BIC)、ホールドアウト検証
GK-111-b,真陰性,技術分野,機械学習の概要,モデルの選択・評価,9,実際に陰性のものを、陰性と正しく判定すること。,k- 分割交差検証、平均二乗誤差 (MSE)、二乗平均平方根誤差 (RMSE)、平均絶対値誤差(MAE)、ROC曲線、AUC、赤池情報量規準 (AIC)、オッカムの剃刀、過学習、交差検証、偽陽性、偽陰性、真陽性、混同行列、正解率、適合率、再現率、F値、汎化性能、ベイズ情報量規準(BIC)、ホールドアウト検証
GK-112,混同行列,技術分野,機械学習の概要,モデルの選択・評価,123,分類結果を正解・不正解と予測クラスの組合せで集計した表。,k- 分割交差検証、平均二乗誤差 (MSE)、二乗平均平方根誤差 (RMSE)、平均絶対値誤差(MAE)、ROC曲線、AUC、赤池情報量規準 (AIC)、オッカムの剃刀、過学習、交差検証、偽陽性、偽陰性、真陽性、真陰性、正解率、適合率、再現率、F値、汎化性能、ベイズ情報量規準(BIC)、ホールドアウト検証
GK-113-a,正解率,技術分野,機械学習の概要,モデルの選択・評価,150,全体のうち、予測が正しかった割合。,k- 分割交差検証、平均二乗誤差 (MSE)、二乗平均平方根誤差 (RMSE)、平均絶対値誤差(MAE)、ROC曲線、AUC、赤池情報量規準 (AIC)、オッカムの剃刀、過学習、交差検証、偽陽性、偽陰性、真陽性、真陰性、混同行列、適合率、再現率、F値、汎化性能、ベイズ情報量規準(BIC)、ホールドアウト検証
GK-113-b,適合率,技術分野,機械学習の概要,モデルの選択・評価,166,陽性と予測したもののうち、実際に陽性だった割合。,k- 分割交差検証、平均二乗誤差 (MSE)、二乗平均平方根誤差 (RMSE)、平均絶対値誤差(MAE)、ROC曲線、AUC、赤池情報量規準 (AIC)、オッカムの剃刀、過学習、交差検証、偽陽性、偽陰性、真陽性、真陰性、混同行列、正解率、再現率、F値、汎化性能、ベイズ情報量規準(BIC)、ホールドアウト検証
GK-113-c,再現率,技術分野,機械学習の概要,モデルの選択・評価,169,実際に陽性のもののうち、陽性と判定できた割合。,k- 分割交差検証、平均二乗誤差 (MSE)、二乗平均平方根誤差 (RMSE)、平均絶対値誤差(MAE)、ROC曲線、AUC、赤池情報量規準 (AIC)、オッカムの剃刀、過学習、交差検証、偽陽性、偽陰性、真陽性、真陰性、混同行列、正解率、適合率、F値、汎化性能、ベイズ情報量規準(BIC)、ホールドアウト検証
GK-113-d,F値,技術分野,機械学習の概要,モデルの選択・評価,153,適合率と再現率のバランスを表す調和平均。,k- 分割交差検証、平均二乗誤差 (MSE)、二乗平均平方根誤差 (RMSE)、平均絶対値誤差(MAE)、ROC曲線、AUC、赤池情報量規準 (AIC)、オッカムの剃刀、過学習、交差検証、偽陽性、偽陰性、真陽性、真陰性、混同行列、正解率、適合率、再現率、汎化性能、ベイズ情報量規準(BIC)、ホールドアウト検証
GK-114,汎化性能,技術分野,機械学習の概要,モデルの選択・評価,170,未知のデータに対しても適切に予測できる能力。,k- 分割交差検証、平均二乗誤差 (MSE)、二乗平均平方根誤差 (RMSE)、平均絶対値誤差(MAE)、ROC曲線、AUC、赤池情報量規準 (AIC)、オッカムの剃刀、過学習、交差検証、偽陽性、偽陰性、真陽性、真陰性、混同行列、正解率、適合率、再現率、F値、ベイズ情報量規準(BIC)、ホールドアウト検証
GK-115,ベイズ情報量規準(BIC),技術分野,機械学習の概要,モデルの選択・評価,83,モデルの尤度とパラメータ数、データ数を使ってモデルを比較する指標。,k- 分割交差検証、平均二乗誤差 (MSE)、二乗平均平方根誤差 (RMSE)、平均絶対値誤差(MAE)、ROC曲線、AUC、赤池情報量規準 (AIC)、オッカムの剃刀、過学習、交差検証、偽陽性、偽陰性、真陽性、真陰性、混同行列、正解率、適合率、再現率、F値、汎化性能、ホールドアウト検証
GK-116,ホールドアウト検証,技術分野,機械学習の概要,モデルの選択・評価,85,データの一部を学習から分離し、未使用のデータで性能を評価する方法。,k- 分割交差検証、平均二乗誤差 (MSE)、二乗平均平方根誤差 (RMSE)、平均絶対値誤差(MAE)、ROC曲線、AUC、赤池情報量規準 (AIC)、オッカムの剃刀、過学習、交差検証、偽陽性、偽陰性、真陽性、真陰性、混同行列、正解率、適合率、再現率、F値、汎化性能、ベイズ情報量規準(BIC)
GK-117,CPU,技術分野,ディープラーニングの概要,ニューラルネットワークとディープラーニング,96,汎用的な計算やプログラム実行を担う中央演算処理装置。,GPU、TPU、入力層、隠れ層、出力層、多層パーセプトロン、単純パーセプトロン
GK-118,GPU,技術分野,ディープラーニングの概要,ニューラルネットワークとディープラーニング,237,多数の計算を並列に処理することを得意とする演算装置。,CPU、TPU、入力層、隠れ層、出力層、多層パーセプトロン、単純パーセプトロン
GK-119,TPU,技術分野,ディープラーニングの概要,ニューラルネットワークとディープラーニング,56,機械学習、とくにテンソル計算に特化した演算装置。,CPU、GPU、入力層、隠れ層、出力層、多層パーセプトロン、単純パーセプトロン
GK-120-a,入力層,技術分野,ディープラーニングの概要,ニューラルネットワークとディープラーニング,45,データをニューラルネットワークへ受け渡す層。,CPU、GPU、TPU、隠れ層、出力層、多層パーセプトロン、単純パーセプトロン
GK-120-b,隠れ層,技術分野,ディープラーニングの概要,ニューラルネットワークとディープラーニング,112,入力層と出力層の間で特徴を変換する層。,CPU、GPU、TPU、入力層、出力層、多層パーセプトロン、単純パーセプトロン
GK-120-c,出力層,技術分野,ディープラーニングの概要,ニューラルネットワークとディープラーニング,67,ネットワークの最終的な予測結果を出力する層。,CPU、GPU、TPU、入力層、隠れ層、多層パーセプトロン、単純パーセプトロン
GK-121,多層パーセプトロン,技術分野,ディープラーニングの概要,ニューラルネットワークとディープラーニング,76,複数の全結合層を重ねたフィードフォワード型ニューラルネットワーク。,CPU、GPU、TPU、入力層、隠れ層、出力層、単純パーセプトロン
GK-122,単純パーセプトロン,技術分野,ディープラーニングの概要,ニューラルネットワークとディープラーニング,75,入力の重み付き和をしきい値で判定する基本的なニューラルネットワーク。,CPU、GPU、TPU、入力層、隠れ層、出力層、多層パーセプトロン
GK-123,Leaky ReLU 関数,技術分野,ディープラーニングの概要,活性化関数,1,負の入力を小さな傾きで通過させ、ReLUの完全な0出力を避ける活性化関数。,ReLU 関数、tanh 関数、シグモイド関数、ソフトマックス関数
GK-124,ReLU 関数,技術分野,ディープラーニングの概要,活性化関数,59,0未満を0、0以上をそのまま出力する活性化関数。,Leaky ReLU 関数、tanh 関数、シグモイド関数、ソフトマックス関数
GK-125,tanh 関数,技術分野,ディープラーニングの概要,活性化関数,118,入力を-1から1の範囲に変換する双曲線正接の活性化関数。,Leaky ReLU 関数、ReLU 関数、シグモイド関数、ソフトマックス関数
GK-126,シグモイド関数,技術分野,ディープラーニングの概要,活性化関数,146,値を0から1の範囲に滑らかに変換する活性化関数。,Leaky ReLU 関数、ReLU 関数、tanh 関数、ソフトマックス関数
GK-127,ソフトマックス関数,技術分野,ディープラーニングの概要,活性化関数,140,複数のスコアを合計1のクラス確率に変換する関数。,Leaky ReLU 関数、ReLU 関数、tanh 関数、シグモイド関数
GK-128,勾配消失問題,技術分野,ディープラーニングの概要 / ディープラーニングの要素技術,活性化関数 / 誤差逆伝播法 / 回帰結合層,155,深いネットワークで勾配が小さくなり、学習が進みにくくなる問題。,
GK-129,Contrastive Loss,技術分野,ディープラーニングの概要,誤差関数,62,似たデータの表現を近づけ、異なるデータの表現を遠ざける損失関数。,Triplet Loss、カルバック・ライブラー情報量 (KL)、交差エントロピー、平均二乗誤差関数
GK-130,Triplet Loss,技術分野,ディープラーニングの概要,誤差関数,64,基準・正例・負例の距離関係を使い、正例を負例より近づける損失関数。,Contrastive Loss、カルバック・ライブラー情報量 (KL)、交差エントロピー、平均二乗誤差関数
GK-131,カルバック・ライブラー情報量 (KL),技術分野,ディープラーニングの概要,誤差関数,134,二つの確率分布のずれを表す非対称な指標（KLダイバージェンス）。,Contrastive Loss、Triplet Loss、交差エントロピー、平均二乗誤差関数
GK-132,交差エントロピー,技術分野,ディープラーニングの概要,誤差関数,82,正解分布と予測分布の違いを測る、分類でよく使う損失関数。,Contrastive Loss、Triplet Loss、カルバック・ライブラー情報量 (KL)、平均二乗誤差関数
GK-133,平均二乗誤差関数,技術分野,ディープラーニングの概要,誤差関数,374,予測値と正解値の差を二乗して平均する損失関数。,Contrastive Loss、Triplet Loss、カルバック・ライブラー情報量 (KL)、交差エントロピー
GK-134,L0 正則化,技術分野,ディープラーニングの概要,正則化,7,非ゼロのパラメータ数を少なくすることでモデルを簡素化する正則化。,L1 正則化、L2 正則化、正則化、ドロップアウト、ラッソ回帰、リッジ回帰
GK-135,L1 正則化,技術分野,ディープラーニングの概要,正則化,97,パラメータの絶対値の和をペナルティに加え、不要な重みを0にしやすくする正則化。,L0 正則化、L2 正則化、正則化、ドロップアウト、ラッソ回帰、リッジ回帰
GK-136,L2 正則化,技術分野,ディープラーニングの概要,正則化,163,パラメータの二乗和をペナルティに加え、重みが大きくなりすぎるのを抑える正則化。,L0 正則化、L1 正則化、正則化、ドロップアウト、ラッソ回帰、リッジ回帰
GK-137,正則化,技術分野,ディープラーニングの概要,正則化,436,モデルの複雑さにペナルティを加えて過学習を抑える方法。,L0 正則化、L1 正則化、L2 正則化、ドロップアウト、ラッソ回帰、リッジ回帰
GK-138,ドロップアウト,技術分野,ディープラーニングの概要,正則化,133,学習中に一部のユニットを確率的に無効化して過学習を抑える方法。,L0 正則化、L1 正則化、L2 正則化、正則化、ラッソ回帰、リッジ回帰
GK-139,ラッソ回帰,技術分野,ディープラーニングの概要,正則化,53,L1正則化を加えた回帰で、不要な説明変数を選びやすい手法。,L0 正則化、L1 正則化、L2 正則化、正則化、ドロップアウト、リッジ回帰
GK-140,リッジ回帰,技術分野,ディープラーニングの概要,正則化,54,L2正則化を加えた回帰で、重みの過大化を抑える手法。,L0 正則化、L1 正則化、L2 正則化、正則化、ドロップアウト、ラッソ回帰
GK-141,勾配爆発問題,技術分野,ディープラーニングの概要 / ディープラーニングの要素技術,誤差逆伝播法 / 回帰結合層,53,深いネットワークや長い系列で勾配が大きくなり、学習が不安定になる問題。,
GK-142,信用割当問題,技術分野,ディープラーニングの概要,誤差逆伝播法,4,最終的な結果に、どの入力や中間処理がどれだけ貢献したかを割り当てる難しさ。,連鎖律
GK-143,連鎖律,技術分野,ディープラーニングの概要,誤差逆伝播法,99,複合関数の微分を、各関数の微分の積として求める微分法則。,信用割当問題
GK-144,AdaBound,技術分野,ディープラーニングの概要,最適化手法,70,学習の進行に応じて学習率の範囲を制限するAdam系の最適化手法。,AdaDelta、AdaGrad、Adam、AMSBound、RMSprop、鞍点、イテレーション、エポック、オンライン学習、学習率、確率的勾配降下法 (SGD)、グリッドサーチ、勾配降下法、局所最適解、早期終了、大域最適解、二重降下現象、ノーフリーランチの定理、ハイパーパラメータ、バッチ学習、ミニバッチ学習、モーメンタム、ランダムサーチ
GK-145,AdaDelta,技術分野,ディープラーニングの概要,最適化手法,62,過去の勾配の大きさを利用して、学習率を自動調整する最適化手法。,AdaBound、AdaGrad、Adam、AMSBound、RMSprop、鞍点、イテレーション、エポック、オンライン学習、学習率、確率的勾配降下法 (SGD)、グリッドサーチ、勾配降下法、局所最適解、早期終了、大域最適解、二重降下現象、ノーフリーランチの定理、ハイパーパラメータ、バッチ学習、ミニバッチ学習、モーメンタム、ランダムサーチ
GK-146,AdaGrad,技術分野,ディープラーニングの概要,最適化手法,119,パラメータごとに過去の勾配を蓄積し、学習率を調整する最適化手法。,AdaBound、AdaDelta、Adam、AMSBound、RMSprop、鞍点、イテレーション、エポック、オンライン学習、学習率、確率的勾配降下法 (SGD)、グリッドサーチ、勾配降下法、局所最適解、早期終了、大域最適解、二重降下現象、ノーフリーランチの定理、ハイパーパラメータ、バッチ学習、ミニバッチ学習、モーメンタム、ランダムサーチ
GK-147,Adam,技術分野,ディープラーニングの概要,最適化手法,153,勾配の移動平均と二乗勾配の移動平均を使う適応的な最適化手法。,AdaBound、AdaDelta、AdaGrad、AMSBound、RMSprop、鞍点、イテレーション、エポック、オンライン学習、学習率、確率的勾配降下法 (SGD)、グリッドサーチ、勾配降下法、局所最適解、早期終了、大域最適解、二重降下現象、ノーフリーランチの定理、ハイパーパラメータ、バッチ学習、ミニバッチ学習、モーメンタム、ランダムサーチ
GK-148,AMSBound,技術分野,ディープラーニングの概要,最適化手法,63,Adamの学習率に上限を設け、学習の安定性を高める改良手法。,AdaBound、AdaDelta、AdaGrad、Adam、RMSprop、鞍点、イテレーション、エポック、オンライン学習、学習率、確率的勾配降下法 (SGD)、グリッドサーチ、勾配降下法、局所最適解、早期終了、大域最適解、二重降下現象、ノーフリーランチの定理、ハイパーパラメータ、バッチ学習、ミニバッチ学習、モーメンタム、ランダムサーチ
GK-149,RMSprop,技術分野,ディープラーニングの概要,最適化手法,107,勾配の二乗の移動平均で学習率を調整する最適化手法。,AdaBound、AdaDelta、AdaGrad、Adam、AMSBound、鞍点、イテレーション、エポック、オンライン学習、学習率、確率的勾配降下法 (SGD)、グリッドサーチ、勾配降下法、局所最適解、早期終了、大域最適解、二重降下現象、ノーフリーランチの定理、ハイパーパラメータ、バッチ学習、ミニバッチ学習、モーメンタム、ランダムサーチ
GK-150,鞍点,技術分野,ディープラーニングの概要,最適化手法,135,ある方向には極小、別の方向には極大となる、最適化で停滞しやすい点。,AdaBound、AdaDelta、AdaGrad、Adam、AMSBound、RMSprop、イテレーション、エポック、オンライン学習、学習率、確率的勾配降下法 (SGD)、グリッドサーチ、勾配降下法、局所最適解、早期終了、大域最適解、二重降下現象、ノーフリーランチの定理、ハイパーパラメータ、バッチ学習、ミニバッチ学習、モーメンタム、ランダムサーチ
GK-151,イテレーション,技術分野,ディープラーニングの概要,最適化手法,142,1回のパラメータ更新を行う学習単位。,AdaBound、AdaDelta、AdaGrad、Adam、AMSBound、RMSprop、鞍点、エポック、オンライン学習、学習率、確率的勾配降下法 (SGD)、グリッドサーチ、勾配降下法、局所最適解、早期終了、大域最適解、二重降下現象、ノーフリーランチの定理、ハイパーパラメータ、バッチ学習、ミニバッチ学習、モーメンタム、ランダムサーチ
GK-152,エポック,技術分野,ディープラーニングの概要,最適化手法,199,学習データ全体を1回使い切る学習単位。,AdaBound、AdaDelta、AdaGrad、Adam、AMSBound、RMSprop、鞍点、イテレーション、オンライン学習、学習率、確率的勾配降下法 (SGD)、グリッドサーチ、勾配降下法、局所最適解、早期終了、大域最適解、二重降下現象、ノーフリーランチの定理、ハイパーパラメータ、バッチ学習、ミニバッチ学習、モーメンタム、ランダムサーチ
GK-153,オンライン学習,技術分野,ディープラーニングの概要,最適化手法,142,データを一度にまとめず、到着したデータを順次使って学習する方法。,AdaBound、AdaDelta、AdaGrad、Adam、AMSBound、RMSprop、鞍点、イテレーション、エポック、学習率、確率的勾配降下法 (SGD)、グリッドサーチ、勾配降下法、局所最適解、早期終了、大域最適解、二重降下現象、ノーフリーランチの定理、ハイパーパラメータ、バッチ学習、ミニバッチ学習、モーメンタム、ランダムサーチ
GK-154,学習率,技術分野,ディープラーニングの概要,最適化手法,432,学習でパラメータを一度にどれだけ更新するかを決める値。,AdaBound、AdaDelta、AdaGrad、Adam、AMSBound、RMSprop、鞍点、イテレーション、エポック、オンライン学習、確率的勾配降下法 (SGD)、グリッドサーチ、勾配降下法、局所最適解、早期終了、大域最適解、二重降下現象、ノーフリーランチの定理、ハイパーパラメータ、バッチ学習、ミニバッチ学習、モーメンタム、ランダムサーチ
GK-155,確率的勾配降下法 (SGD),技術分野,ディープラーニングの概要,最適化手法,183,データの一部を使って勾配を求め、パラメータを反復更新する最適化法。,AdaBound、AdaDelta、AdaGrad、Adam、AMSBound、RMSprop、鞍点、イテレーション、エポック、オンライン学習、学習率、グリッドサーチ、勾配降下法、局所最適解、早期終了、大域最適解、二重降下現象、ノーフリーランチの定理、ハイパーパラメータ、バッチ学習、ミニバッチ学習、モーメンタム、ランダムサーチ
GK-156,グリッドサーチ,技術分野,ディープラーニングの概要,最適化手法,89,ハイパーパラメータの候補を格子状に組み合わせて評価する方法。,AdaBound、AdaDelta、AdaGrad、Adam、AMSBound、RMSprop、鞍点、イテレーション、エポック、オンライン学習、学習率、確率的勾配降下法 (SGD)、勾配降下法、局所最適解、早期終了、大域最適解、二重降下現象、ノーフリーランチの定理、ハイパーパラメータ、バッチ学習、ミニバッチ学習、モーメンタム、ランダムサーチ
GK-157,勾配降下法,技術分野,ディープラーニングの概要,最適化手法,198,損失が小さくなる方向へ勾配を使ってパラメータを更新する最適化法。,AdaBound、AdaDelta、AdaGrad、Adam、AMSBound、RMSprop、鞍点、イテレーション、エポック、オンライン学習、学習率、確率的勾配降下法 (SGD)、グリッドサーチ、局所最適解、早期終了、大域最適解、二重降下現象、ノーフリーランチの定理、ハイパーパラメータ、バッチ学習、ミニバッチ学習、モーメンタム、ランダムサーチ
GK-158,局所最適解,技術分野,ディープラーニングの概要,最適化手法,87,近傍の範囲では最も良いが、全体で最良とは限らない解。,AdaBound、AdaDelta、AdaGrad、Adam、AMSBound、RMSprop、鞍点、イテレーション、エポック、オンライン学習、学習率、確率的勾配降下法 (SGD)、グリッドサーチ、勾配降下法、早期終了、大域最適解、二重降下現象、ノーフリーランチの定理、ハイパーパラメータ、バッチ学習、ミニバッチ学習、モーメンタム、ランダムサーチ
GK-159,早期終了,技術分野,ディープラーニングの概要,最適化手法,77,検証性能が改善しなくなった段階で学習を止める過学習対策。,AdaBound、AdaDelta、AdaGrad、Adam、AMSBound、RMSprop、鞍点、イテレーション、エポック、オンライン学習、学習率、確率的勾配降下法 (SGD)、グリッドサーチ、勾配降下法、局所最適解、大域最適解、二重降下現象、ノーフリーランチの定理、ハイパーパラメータ、バッチ学習、ミニバッチ学習、モーメンタム、ランダムサーチ
GK-160,大域最適解,技術分野,ディープラーニングの概要,最適化手法,70,探索範囲全体で最も良い目的関数値を与える解。,AdaBound、AdaDelta、AdaGrad、Adam、AMSBound、RMSprop、鞍点、イテレーション、エポック、オンライン学習、学習率、確率的勾配降下法 (SGD)、グリッドサーチ、勾配降下法、局所最適解、早期終了、二重降下現象、ノーフリーランチの定理、ハイパーパラメータ、バッチ学習、ミニバッチ学習、モーメンタム、ランダムサーチ
GK-161,二重降下現象,技術分野,ディープラーニングの概要,最適化手法,66,モデルの複雑さや学習時間を増やすと、性能が一度悪化した後に再び改善する現象。,AdaBound、AdaDelta、AdaGrad、Adam、AMSBound、RMSprop、鞍点、イテレーション、エポック、オンライン学習、学習率、確率的勾配降下法 (SGD)、グリッドサーチ、勾配降下法、局所最適解、早期終了、大域最適解、ノーフリーランチの定理、ハイパーパラメータ、バッチ学習、ミニバッチ学習、モーメンタム、ランダムサーチ
GK-162,ノーフリーランチの定理,技術分野,ディープラーニングの概要,最適化手法,42,すべての問題で他より常に優れた最適化アルゴリズムはないという定理。,AdaBound、AdaDelta、AdaGrad、Adam、AMSBound、RMSprop、鞍点、イテレーション、エポック、オンライン学習、学習率、確率的勾配降下法 (SGD)、グリッドサーチ、勾配降下法、局所最適解、早期終了、大域最適解、二重降下現象、ハイパーパラメータ、バッチ学習、ミニバッチ学習、モーメンタム、ランダムサーチ
GK-163,ハイパーパラメータ,技術分野,ディープラーニングの概要,最適化手法,188,学習前に人が設定するモデル構造や学習条件のパラメータ。,AdaBound、AdaDelta、AdaGrad、Adam、AMSBound、RMSprop、鞍点、イテレーション、エポック、オンライン学習、学習率、確率的勾配降下法 (SGD)、グリッドサーチ、勾配降下法、局所最適解、早期終了、大域最適解、二重降下現象、ノーフリーランチの定理、バッチ学習、ミニバッチ学習、モーメンタム、ランダムサーチ
GK-164,バッチ学習,技術分野,ディープラーニングの概要,最適化手法,196,用意した学習データ全体をまとめて使ってパラメータを更新する方法。,AdaBound、AdaDelta、AdaGrad、Adam、AMSBound、RMSprop、鞍点、イテレーション、エポック、オンライン学習、学習率、確率的勾配降下法 (SGD)、グリッドサーチ、勾配降下法、局所最適解、早期終了、大域最適解、二重降下現象、ノーフリーランチの定理、ハイパーパラメータ、ミニバッチ学習、モーメンタム、ランダムサーチ
GK-165,ミニバッチ学習,技術分野,ディープラーニングの概要,最適化手法,126,学習データを小さな集合に分け、集合ごとにパラメータを更新する方法。,AdaBound、AdaDelta、AdaGrad、Adam、AMSBound、RMSprop、鞍点、イテレーション、エポック、オンライン学習、学習率、確率的勾配降下法 (SGD)、グリッドサーチ、勾配降下法、局所最適解、早期終了、大域最適解、二重降下現象、ノーフリーランチの定理、ハイパーパラメータ、バッチ学習、モーメンタム、ランダムサーチ
GK-166,モーメンタム,技術分野,ディープラーニングの概要,最適化手法,67,過去の更新方向を加味して、勾配降下を滑らかに進める方法。,AdaBound、AdaDelta、AdaGrad、Adam、AMSBound、RMSprop、鞍点、イテレーション、エポック、オンライン学習、学習率、確率的勾配降下法 (SGD)、グリッドサーチ、勾配降下法、局所最適解、早期終了、大域最適解、二重降下現象、ノーフリーランチの定理、ハイパーパラメータ、バッチ学習、ミニバッチ学習、ランダムサーチ
GK-167,ランダムサーチ,技術分野,ディープラーニングの概要,最適化手法,87,ハイパーパラメータの組合せをランダムに選んで評価する方法。,AdaBound、AdaDelta、AdaGrad、Adam、AMSBound、RMSprop、鞍点、イテレーション、エポック、オンライン学習、学習率、確率的勾配降下法 (SGD)、グリッドサーチ、勾配降下法、局所最適解、早期終了、大域最適解、二重降下現象、ノーフリーランチの定理、ハイパーパラメータ、バッチ学習、ミニバッチ学習、モーメンタム
GK-168,重み,技術分野,ディープラーニングの要素技術,全結合層,573,入力の重要度を表し、学習によって更新されるモデルのパラメータ。,線形関数
GK-169,線形関数,技術分野,ディープラーニングの要素技術,全結合層,23,入力の線形結合で表される関数で、直線的な関係を表す。,重み
GK-170,Atrous Convolution,技術分野,ディープラーニングの要素技術,畳み込み層,22,畳み込みのサンプリング間隔を広げて受容野を拡大する畳み込み。,Depthwise Separable Convolution、Dilated Convolution、ストライド、畳み込み操作、畳み込みニューラルネットワーク (CNN)、特徴マップ、パディング、フィルタ
GK-171,Depthwise Separable Convolution,技術分野,ディープラーニングの要素技術,畳み込み層,57,チャネルごとの畳み込みと1×1畳み込みに分けて計算量を減らす方法。,Atrous Convolution、Dilated Convolution、ストライド、畳み込み操作、畳み込みニューラルネットワーク (CNN)、特徴マップ、パディング、フィルタ
GK-172,Dilated Convolution,技術分野,ディープラーニングの要素技術,畳み込み層,6,畳み込みフィルタの間隔を空け、解像度を保ちながら受容野を広げる方法。,Atrous Convolution、Depthwise Separable Convolution、ストライド、畳み込み操作、畳み込みニューラルネットワーク (CNN)、特徴マップ、パディング、フィルタ
GK-173,ストライド,技術分野,ディープラーニングの要素技術,畳み込み層,138,畳み込みやプーリングで窓を移動させる幅。,Atrous Convolution、Depthwise Separable Convolution、Dilated Convolution、畳み込み操作、畳み込みニューラルネットワーク (CNN)、特徴マップ、パディング、フィルタ
GK-174,畳み込み操作,技術分野,ディープラーニングの要素技術,畳み込み層,2,局所領域とフィルタの積和計算を繰り返して特徴を抽出する処理。,Atrous Convolution、Depthwise Separable Convolution、Dilated Convolution、ストライド、畳み込みニューラルネットワーク (CNN)、特徴マップ、パディング、フィルタ
GK-175,畳み込みニューラルネットワーク (CNN),技術分野,ディープラーニングの要素技術,畳み込み層,903,画像などの局所的なパターンを畳み込みで学習するニューラルネットワーク。,Atrous Convolution、Depthwise Separable Convolution、Dilated Convolution、ストライド、畳み込み操作、特徴マップ、パディング、フィルタ
GK-176,特徴マップ,技術分野,ディープラーニングの要素技術,畳み込み層,165,畳み込み処理によって得られる、特徴の位置や強さを表すデータ。,Atrous Convolution、Depthwise Separable Convolution、Dilated Convolution、ストライド、畳み込み操作、畳み込みニューラルネットワーク (CNN)、パディング、フィルタ
GK-177,パディング,技術分野,ディープラーニングの要素技術,畳み込み層,75,畳み込み前に入力の周囲へ値を追加し、出力サイズや端の情報を調整する処理。,Atrous Convolution、Depthwise Separable Convolution、Dilated Convolution、ストライド、畳み込み操作、畳み込みニューラルネットワーク (CNN)、特徴マップ、フィルタ
GK-178,フィルタ,技術分野,ディープラーニングの要素技術,畳み込み層,434,入力から特定の局所的特徴を取り出す畳み込み用の重み。,Atrous Convolution、Depthwise Separable Convolution、Dilated Convolution、ストライド、畳み込み操作、畳み込みニューラルネットワーク (CNN)、特徴マップ、パディング
GK-179,グループ正規化,技術分野,ディープラーニングの要素技術,正規化層,6,チャネルをいくつかのグループに分け、各グループ内で正規化する方法。,バッチ正規化、レイヤー正規化、インスタンス正規化
GK-180,バッチ正規化,技術分野,ディープラーニングの要素技術,正規化層,127,ミニバッチ内の値を正規化し、学習を安定させる方法。,グループ正規化、レイヤー正規化、インスタンス正規化
GK-181,レイヤー正規化,技術分野,ディープラーニングの要素技術,正規化層,6,各サンプルの特徴方向を使って正規化する方法。,グループ正規化、バッチ正規化、インスタンス正規化
GK-182,インスタンス正規化,技術分野,ディープラーニングの要素技術,正規化層,16,サンプルとチャネルごとに空間方向の値を正規化する方法。,グループ正規化、バッチ正規化、レイヤー正規化
GK-183,グローバルアベレージプーリング (GAP),技術分野,ディープラーニングの要素技術,プーリング層,111,各チャネルの空間方向の平均を取り、特徴マップを1つの値に要約する処理。,最大値プーリング、不変性の獲得、平均値プーリング
GK-184,最大値プーリング,技術分野,ディープラーニングの要素技術,プーリング層,55,局所領域の最大値を取り出して特徴を要約する処理。,グローバルアベレージプーリング (GAP)、不変性の獲得、平均値プーリング
GK-185,不変性の獲得,技術分野,ディープラーニングの要素技術,プーリング層,3,位置や向きなどの変化があっても同じ対象として認識しやすくする性質。,グローバルアベレージプーリング (GAP)、最大値プーリング、平均値プーリング
GK-186,平均値プーリング,技術分野,ディープラーニングの要素技術,プーリング層,51,局所領域の平均値を取り出して特徴を要約する処理。,グローバルアベレージプーリング (GAP)、最大値プーリング、不変性の獲得
GK-187,ResNet,技術分野,ディープラーニングの要素技術 / ディープラーニングの応用例,スキップ結合 / 画像認識,370,残差接続を用いて深いネットワークを学習しやすくしたモデル。,
GK-188,BPTT,技術分野,ディープラーニングの要素技術,回帰結合層,116,時系列モデルを時間方向に展開して誤差逆伝播を行う学習法。,GRU、LSTM、エルマンネットワーク、教師強制、ゲート機構、双方向 RNN (Bidirectional RNN)、時系列データ、ジョルダンネットワーク、リカレントニューラルネットワーク (RNN)
GK-189,GRU,技術分野,ディープラーニングの要素技術,回帰結合層,63,更新ゲートとリセットゲートで、現在の入力と過去の状態をどれだけ残すか制御するRNNのユニット。,BPTT、LSTM、エルマンネットワーク、教師強制、ゲート機構、双方向 RNN (Bidirectional RNN)、時系列データ、ジョルダンネットワーク、リカレントニューラルネットワーク (RNN)
GK-190,LSTM,技術分野,ディープラーニングの要素技術,回帰結合層,107,ゲートとセル状態で長期的な情報を保持するRNN。,BPTT、GRU、エルマンネットワーク、教師強制、ゲート機構、双方向 RNN (Bidirectional RNN)、時系列データ、ジョルダンネットワーク、リカレントニューラルネットワーク (RNN)
GK-191,エルマンネットワーク,技術分野,ディープラーニングの要素技術,回帰結合層,0,隠れ層の過去の状態を文脈として保存するリカレントネットワーク。,BPTT、GRU、LSTM、教師強制、ゲート機構、双方向 RNN (Bidirectional RNN)、時系列データ、ジョルダンネットワーク、リカレントニューラルネットワーク (RNN)
GK-192,教師強制,技術分野,ディープラーニングの要素技術,回帰結合層,3,系列生成の学習時に、前時刻の正解を次の入力として与える方法。,BPTT、GRU、LSTM、エルマンネットワーク、ゲート機構、双方向 RNN (Bidirectional RNN)、時系列データ、ジョルダンネットワーク、リカレントニューラルネットワーク (RNN)
GK-193,ゲート機構,技術分野,ディープラーニングの要素技術,回帰結合層,5,情報を通す量や捨てる量を制御する仕組み。,BPTT、GRU、LSTM、エルマンネットワーク、教師強制、双方向 RNN (Bidirectional RNN)、時系列データ、ジョルダンネットワーク、リカレントニューラルネットワーク (RNN)
GK-194,双方向 RNN (Bidirectional RNN),技術分野,ディープラーニングの要素技術,回帰結合層,50,系列を順方向と逆方向の両方から処理して、前後の文脈を使うRNN。,BPTT、GRU、LSTM、エルマンネットワーク、教師強制、ゲート機構、時系列データ、ジョルダンネットワーク、リカレントニューラルネットワーク (RNN)
GK-195,時系列データ,技術分野,ディープラーニングの要素技術,回帰結合層,34,時間の順序に沿って観測されたデータ。,BPTT、GRU、LSTM、エルマンネットワーク、教師強制、ゲート機構、双方向 RNN (Bidirectional RNN)、ジョルダンネットワーク、リカレントニューラルネットワーク (RNN)
GK-196,ジョルダンネットワーク,技術分野,ディープラーニングの要素技術,回帰結合層,0,出力層の過去の状態を文脈として入力に戻すリカレントネットワーク。,BPTT、GRU、LSTM、エルマンネットワーク、教師強制、ゲート機構、双方向 RNN (Bidirectional RNN)、時系列データ、リカレントニューラルネットワーク (RNN)
GK-197,リカレントニューラルネットワーク (RNN),技術分野,ディープラーニングの要素技術,回帰結合層,237,過去の状態を次の計算に利用して時系列データを扱うニューラルネットワーク。,BPTT、GRU、LSTM、エルマンネットワーク、教師強制、ゲート機構、双方向 RNN (Bidirectional RNN)、時系列データ、ジョルダンネットワーク
GK-198,Attention,技術分野,ディープラーニングの要素技術,Attention,368,入力のどの部分に注目するかを重み付けして情報を集約する仕組み。,Multi-Head Attention、Self-Attention、Source-Target Attention、Transformer、位置エンコーディング、キー、クエリ、バリュー
GK-199,Multi-Head Attention,技術分野,ディープラーニングの要素技術,Attention,48,複数の注意機構を並列に計算し、異なる関係を同時に捉える仕組み。,Attention、Self-Attention、Source-Target Attention、Transformer、位置エンコーディング、キー、クエリ、バリュー
GK-200,Self-Attention,技術分野,ディープラーニングの要素技術,Attention,104,系列内の各要素が、同じ系列の他の要素との関係を計算する注意機構。,Attention、Multi-Head Attention、Source-Target Attention、Transformer、位置エンコーディング、キー、クエリ、バリュー
GK-201,Seq2Seq,技術分野,ディープラーニングの要素技術 / ディープラーニングの応用例,Attention / 自然言語処理,175,入力系列を別の出力系列へ変換するエンコーダ・デコーダ型の構成。,
GK-202,Source-Target Attention,技術分野,ディープラーニングの要素技術,Attention,1,出力側が入力側の系列の情報に注目するAttention。,Attention、Multi-Head Attention、Self-Attention、Transformer、位置エンコーディング、キー、クエリ、バリュー
GK-203,Transformer,技術分野,ディープラーニングの要素技術,Attention,344,自己注意機構を中心に構成された系列処理用のニューラルネットワーク。,Attention、Multi-Head Attention、Self-Attention、Source-Target Attention、位置エンコーディング、キー、クエリ、バリュー
GK-204,位置エンコーディング,技術分野,ディープラーニングの要素技術,Attention,111,系列中の各要素の位置情報をモデルに与える仕組み。,Attention、Multi-Head Attention、Self-Attention、Source-Target Attention、Transformer、キー、クエリ、バリュー
GK-205,キー,技術分野,ディープラーニングの要素技術,Attention,93,Attentionで照合の手掛かりとして使うベクトル。,Attention、Multi-Head Attention、Self-Attention、Source-Target Attention、Transformer、位置エンコーディング、クエリ、バリュー
GK-206,クエリ,技術分野,ディープラーニングの要素技術,Attention,15,Attentionでどの情報を探すかを表すベクトル。,Attention、Multi-Head Attention、Self-Attention、Source-Target Attention、Transformer、位置エンコーディング、キー、バリュー
GK-207,バリュー,技術分野,ディープラーニングの要素技術,Attention,0,Attentionで重み付けして集約する情報のベクトル。,Attention、Multi-Head Attention、Self-Attention、Source-Target Attention、Transformer、位置エンコーディング、キー、クエリ
GK-208-a,VQ-VAE,技術分野,ディープラーニングの要素技術,オートエンコーダ,0,潜在表現を離散的なベクトルに量子化して学習する生成モデル。,InfoVAE、β-VAE、積層オートエンコーダ、変分オートエンコーダ(VAE)
GK-208-b,InfoVAE,技術分野,ディープラーニングの要素技術,オートエンコーダ,0,再構成と潜在分布の整合を調整し、意味のある潜在表現を学ぶVAEの一種。,VQ-VAE、β-VAE、積層オートエンコーダ、変分オートエンコーダ(VAE)
GK-208-c,β-VAE,技術分野,ディープラーニングの要素技術,オートエンコーダ,0,VAEの損失に含まれるKL項へβの重みを掛け、独立性や解釈性の高い潜在表現を目指す手法。,VQ-VAE、InfoVAE、積層オートエンコーダ、変分オートエンコーダ(VAE)
GK-209,事前学習,技術分野,ディープラーニングの要素技術 / ディープラーニングの応用例,オートエンコーダ / 転移学習・ファインチューニング,211,本来の課題の前に、大規模データでモデルを学習しておくこと。,
GK-210,積層オートエンコーダ,技術分野,ディープラーニングの要素技術,オートエンコーダ,54,複数のオートエンコーダ層を重ねて特徴表現を学習するモデル。,VQ-VAE、InfoVAE、β-VAE、変分オートエンコーダ(VAE)
GK-211,変分オートエンコーダ(VAE),技術分野,ディープラーニングの要素技術,オートエンコーダ,97,データを確率的な潜在空間に圧縮し、そこからデータを生成するモデル。,VQ-VAE、InfoVAE、β-VAE、積層オートエンコーダ
GK-212,Contrast,技術分野,ディープラーニングの要素技術,データ拡張,71,画像のコントラストを調整するデータ拡張操作。,Brightness、Crop、CutMix、Cutout、Mixup、noising、paraphrasing、RandAugument、Random Erasing、Random Flip、Rotate
GK-213,Brightness,技術分野,ディープラーニングの要素技術,データ拡張,4,画像の明るさを変えるデータ拡張操作。,Contrast、Crop、CutMix、Cutout、Mixup、noising、paraphrasing、RandAugument、Random Erasing、Random Flip、Rotate
GK-214,Crop,技術分野,ディープラーニングの要素技術,データ拡張,4,画像の一部を切り出して入力画像を作るデータ拡張操作。,Contrast、Brightness、CutMix、Cutout、Mixup、noising、paraphrasing、RandAugument、Random Erasing、Random Flip、Rotate
GK-215,CutMix,技術分野,ディープラーニングの要素技術,データ拡張,117,画像の一部を別画像で置き換え、ラベルも面積に応じて混ぜる拡張方法。,Contrast、Brightness、Crop、Cutout、Mixup、noising、paraphrasing、RandAugument、Random Erasing、Random Flip、Rotate
GK-216,Cutout,技術分野,ディープラーニングの要素技術,データ拡張,11,画像の一部を矩形領域として隠すデータ拡張方法。,Contrast、Brightness、Crop、CutMix、Mixup、noising、paraphrasing、RandAugument、Random Erasing、Random Flip、Rotate
GK-217,Mixup,技術分野,ディープラーニングの要素技術,データ拡張,115,二つの画像とラベルを線形に混ぜて学習するデータ拡張方法。,Contrast、Brightness、Crop、CutMix、Cutout、noising、paraphrasing、RandAugument、Random Erasing、Random Flip、Rotate
GK-218,noising,技術分野,ディープラーニングの要素技術,データ拡張,9,入力にノイズを加えて、変化に頑健なモデルを学習させる操作。,Contrast、Brightness、Crop、CutMix、Cutout、Mixup、paraphrasing、RandAugument、Random Erasing、Random Flip、Rotate
GK-219,paraphrasing,技術分野,ディープラーニングの要素技術,データ拡張,4,文章の意味を保ちながら別の表現に言い換えるデータ拡張方法。,Contrast、Brightness、Crop、CutMix、Cutout、Mixup、noising、RandAugument、Random Erasing、Random Flip、Rotate
GK-220,RandAugument,技術分野,ディープラーニングの要素技術,データ拡張,3,複数の画像変換からランダムに選んで適用するデータ拡張方法。,Contrast、Brightness、Crop、CutMix、Cutout、Mixup、noising、paraphrasing、Random Erasing、Random Flip、Rotate
GK-221,Random Erasing,技術分野,ディープラーニングの要素技術,データ拡張,5,画像中のランダムな矩形領域を消去または置換する拡張方法。,Contrast、Brightness、Crop、CutMix、Cutout、Mixup、noising、paraphrasing、RandAugument、Random Flip、Rotate
GK-222,Random Flip,技術分野,ディープラーニングの要素技術,データ拡張,3,画像をランダムに左右または上下反転する拡張方法。,Contrast、Brightness、Crop、CutMix、Cutout、Mixup、noising、paraphrasing、RandAugument、Random Erasing、Rotate
GK-223,Rotate,技術分野,ディープラーニングの要素技術,データ拡張,4,画像を回転させるデータ拡張操作。,Contrast、Brightness、Crop、CutMix、Cutout、Mixup、noising、paraphrasing、RandAugument、Random Erasing、Random Flip
GK-224,AlexNet,技術分野,ディープラーニングの応用例,画像認識,164,2012年のILSVRCで高い認識性能を示し、深層CNNの実用性を広く示した画像認識モデル。,DeepLab、DenseNet、EfficientNet、Fast R-CNN、Faster R-CNN、FCN (Fully Convolutional Netwok)、FPN、GoogLeNet、Mask R-CNN、MnasNet、MobileNet、NAS(Neural Architecture Search)、Open Pose、PSPNet、SegNet、SENet、SSD、U-Net、VGG、Vision Transformer、Wide ResNet、YOLO、一般物体認識、インスタンスセグメンテーション、姿勢推定、セマンティックセグメンテーション、物体検出、物体識別、パノプティックセグメンテーション
GK-225,DeepLab,技術分野,ディープラーニングの応用例,画像認識,8,空間ピラミッドや拡張畳み込みを用いるセマンティックセグメンテーションモデル群。,AlexNet、DenseNet、EfficientNet、Fast R-CNN、Faster R-CNN、FCN (Fully Convolutional Netwok)、FPN、GoogLeNet、Mask R-CNN、MnasNet、MobileNet、NAS(Neural Architecture Search)、Open Pose、PSPNet、SegNet、SENet、SSD、U-Net、VGG、Vision Transformer、Wide ResNet、YOLO、一般物体認識、インスタンスセグメンテーション、姿勢推定、セマンティックセグメンテーション、物体検出、物体識別、パノプティックセグメンテーション
GK-226,DenseNet,技術分野,ディープラーニングの応用例,画像認識,127,各層を密に接続し、特徴を後続層へ再利用するCNN。,AlexNet、DeepLab、EfficientNet、Fast R-CNN、Faster R-CNN、FCN (Fully Convolutional Netwok)、FPN、GoogLeNet、Mask R-CNN、MnasNet、MobileNet、NAS(Neural Architecture Search)、Open Pose、PSPNet、SegNet、SENet、SSD、U-Net、VGG、Vision Transformer、Wide ResNet、YOLO、一般物体認識、インスタンスセグメンテーション、姿勢推定、セマンティックセグメンテーション、物体検出、物体識別、パノプティックセグメンテーション
GK-227,EfficientNet,技術分野,ディープラーニングの応用例,画像認識,132,ネットワークの深さ・幅・入力解像度をバランスよく拡大するCNN系列。,AlexNet、DeepLab、DenseNet、Fast R-CNN、Faster R-CNN、FCN (Fully Convolutional Netwok)、FPN、GoogLeNet、Mask R-CNN、MnasNet、MobileNet、NAS(Neural Architecture Search)、Open Pose、PSPNet、SegNet、SENet、SSD、U-Net、VGG、Vision Transformer、Wide ResNet、YOLO、一般物体認識、インスタンスセグメンテーション、姿勢推定、セマンティックセグメンテーション、物体検出、物体識別、パノプティックセグメンテーション
GK-228,Fast R-CNN,技術分野,ディープラーニングの応用例,画像認識,133,候補領域の特徴を共有して物体検出を高速化したR-CNN系列モデル。,AlexNet、DeepLab、DenseNet、EfficientNet、Faster R-CNN、FCN (Fully Convolutional Netwok)、FPN、GoogLeNet、Mask R-CNN、MnasNet、MobileNet、NAS(Neural Architecture Search)、Open Pose、PSPNet、SegNet、SENet、SSD、U-Net、VGG、Vision Transformer、Wide ResNet、YOLO、一般物体認識、インスタンスセグメンテーション、姿勢推定、セマンティックセグメンテーション、物体検出、物体識別、パノプティックセグメンテーション
GK-229,Faster R-CNN,技術分野,ディープラーニングの応用例,画像認識,153,領域候補の生成もニューラルネットワークで行う物体検出モデル。,AlexNet、DeepLab、DenseNet、EfficientNet、Fast R-CNN、FCN (Fully Convolutional Netwok)、FPN、GoogLeNet、Mask R-CNN、MnasNet、MobileNet、NAS(Neural Architecture Search)、Open Pose、PSPNet、SegNet、SENet、SSD、U-Net、VGG、Vision Transformer、Wide ResNet、YOLO、一般物体認識、インスタンスセグメンテーション、姿勢推定、セマンティックセグメンテーション、物体検出、物体識別、パノプティックセグメンテーション
GK-230,FCN (Fully Convolutional Netwok),技術分野,ディープラーニングの応用例,画像認識,138,全結合層を畳み込み層に置き換え、画素単位の分類を行うネットワーク。,AlexNet、DeepLab、DenseNet、EfficientNet、Fast R-CNN、Faster R-CNN、FPN、GoogLeNet、Mask R-CNN、MnasNet、MobileNet、NAS(Neural Architecture Search)、Open Pose、PSPNet、SegNet、SENet、SSD、U-Net、VGG、Vision Transformer、Wide ResNet、YOLO、一般物体認識、インスタンスセグメンテーション、姿勢推定、セマンティックセグメンテーション、物体検出、物体識別、パノプティックセグメンテーション
GK-231,FPN,技術分野,ディープラーニングの応用例,画像認識,122,異なる解像度の特徴マップを組み合わせる特徴ピラミッド構造。,AlexNet、DeepLab、DenseNet、EfficientNet、Fast R-CNN、Faster R-CNN、FCN (Fully Convolutional Netwok)、GoogLeNet、Mask R-CNN、MnasNet、MobileNet、NAS(Neural Architecture Search)、Open Pose、PSPNet、SegNet、SENet、SSD、U-Net、VGG、Vision Transformer、Wide ResNet、YOLO、一般物体認識、インスタンスセグメンテーション、姿勢推定、セマンティックセグメンテーション、物体検出、物体識別、パノプティックセグメンテーション
GK-232,GoogLeNet,技術分野,ディープラーニングの応用例,画像認識,136,Inceptionモジュールを用いて効率的に深いCNNを構成したモデル。,AlexNet、DeepLab、DenseNet、EfficientNet、Fast R-CNN、Faster R-CNN、FCN (Fully Convolutional Netwok)、FPN、Mask R-CNN、MnasNet、MobileNet、NAS(Neural Architecture Search)、Open Pose、PSPNet、SegNet、SENet、SSD、U-Net、VGG、Vision Transformer、Wide ResNet、YOLO、一般物体認識、インスタンスセグメンテーション、姿勢推定、セマンティックセグメンテーション、物体検出、物体識別、パノプティックセグメンテーション
GK-233,Mask R-CNN,技術分野,ディープラーニングの応用例,画像認識,134,物体検出に加えて、個体ごとのマスク推定を行うモデル。,AlexNet、DeepLab、DenseNet、EfficientNet、Fast R-CNN、Faster R-CNN、FCN (Fully Convolutional Netwok)、FPN、GoogLeNet、MnasNet、MobileNet、NAS(Neural Architecture Search)、Open Pose、PSPNet、SegNet、SENet、SSD、U-Net、VGG、Vision Transformer、Wide ResNet、YOLO、一般物体認識、インスタンスセグメンテーション、姿勢推定、セマンティックセグメンテーション、物体検出、物体識別、パノプティックセグメンテーション
GK-234,MnasNet,技術分野,ディープラーニングの応用例,画像認識,115,モバイル端末での速度と精度を考慮して自動設計されたCNN。,AlexNet、DeepLab、DenseNet、EfficientNet、Fast R-CNN、Faster R-CNN、FCN (Fully Convolutional Netwok)、FPN、GoogLeNet、Mask R-CNN、MobileNet、NAS(Neural Architecture Search)、Open Pose、PSPNet、SegNet、SENet、SSD、U-Net、VGG、Vision Transformer、Wide ResNet、YOLO、一般物体認識、インスタンスセグメンテーション、姿勢推定、セマンティックセグメンテーション、物体検出、物体識別、パノプティックセグメンテーション
GK-235,MobileNet,技術分野,ディープラーニングの応用例,画像認識,149,深さ方向分離畳み込みで計算量を抑えた軽量CNN。,AlexNet、DeepLab、DenseNet、EfficientNet、Fast R-CNN、Faster R-CNN、FCN (Fully Convolutional Netwok)、FPN、GoogLeNet、Mask R-CNN、MnasNet、NAS(Neural Architecture Search)、Open Pose、PSPNet、SegNet、SENet、SSD、U-Net、VGG、Vision Transformer、Wide ResNet、YOLO、一般物体認識、インスタンスセグメンテーション、姿勢推定、セマンティックセグメンテーション、物体検出、物体識別、パノプティックセグメンテーション
GK-236,NAS(Neural Architecture Search),技術分野,ディープラーニングの応用例,画像認識,377,ニューラルネットワークの構造を自動的に探索する方法。,AlexNet、DeepLab、DenseNet、EfficientNet、Fast R-CNN、Faster R-CNN、FCN (Fully Convolutional Netwok)、FPN、GoogLeNet、Mask R-CNN、MnasNet、MobileNet、Open Pose、PSPNet、SegNet、SENet、SSD、U-Net、VGG、Vision Transformer、Wide ResNet、YOLO、一般物体認識、インスタンスセグメンテーション、姿勢推定、セマンティックセグメンテーション、物体検出、物体識別、パノプティックセグメンテーション
GK-237,Open Pose,技術分野,ディープラーニングの応用例,画像認識,120,画像から人体の関節点などを推定する姿勢推定技術。,AlexNet、DeepLab、DenseNet、EfficientNet、Fast R-CNN、Faster R-CNN、FCN (Fully Convolutional Netwok)、FPN、GoogLeNet、Mask R-CNN、MnasNet、MobileNet、NAS(Neural Architecture Search)、PSPNet、SegNet、SENet、SSD、U-Net、VGG、Vision Transformer、Wide ResNet、YOLO、一般物体認識、インスタンスセグメンテーション、姿勢推定、セマンティックセグメンテーション、物体検出、物体識別、パノプティックセグメンテーション
GK-238,PSPNet,技術分野,ディープラーニングの応用例,画像認識,0,異なる範囲の文脈を集約して画素分類を行うセグメンテーションモデル。,AlexNet、DeepLab、DenseNet、EfficientNet、Fast R-CNN、Faster R-CNN、FCN (Fully Convolutional Netwok)、FPN、GoogLeNet、Mask R-CNN、MnasNet、MobileNet、NAS(Neural Architecture Search)、Open Pose、SegNet、SENet、SSD、U-Net、VGG、Vision Transformer、Wide ResNet、YOLO、一般物体認識、インスタンスセグメンテーション、姿勢推定、セマンティックセグメンテーション、物体検出、物体識別、パノプティックセグメンテーション
GK-239,SegNet,技術分野,ディープラーニングの応用例,画像認識,1,エンコーダの情報を使って画像を画素単位で分類するセグメンテーションモデル。,AlexNet、DeepLab、DenseNet、EfficientNet、Fast R-CNN、Faster R-CNN、FCN (Fully Convolutional Netwok)、FPN、GoogLeNet、Mask R-CNN、MnasNet、MobileNet、NAS(Neural Architecture Search)、Open Pose、PSPNet、SENet、SSD、U-Net、VGG、Vision Transformer、Wide ResNet、YOLO、一般物体認識、インスタンスセグメンテーション、姿勢推定、セマンティックセグメンテーション、物体検出、物体識別、パノプティックセグメンテーション
GK-240,SENet,技術分野,ディープラーニングの応用例,画像認識,245,チャネルごとの重要度を学習して特徴を再重み付けするCNN。,AlexNet、DeepLab、DenseNet、EfficientNet、Fast R-CNN、Faster R-CNN、FCN (Fully Convolutional Netwok)、FPN、GoogLeNet、Mask R-CNN、MnasNet、MobileNet、NAS(Neural Architecture Search)、Open Pose、PSPNet、SegNet、SSD、U-Net、VGG、Vision Transformer、Wide ResNet、YOLO、一般物体認識、インスタンスセグメンテーション、姿勢推定、セマンティックセグメンテーション、物体検出、物体識別、パノプティックセグメンテーション
GK-241,SSD,技術分野,ディープラーニングの応用例,画像認識,118,一つのネットワークで複数解像度の特徴から物体を検出するモデル。,AlexNet、DeepLab、DenseNet、EfficientNet、Fast R-CNN、Faster R-CNN、FCN (Fully Convolutional Netwok)、FPN、GoogLeNet、Mask R-CNN、MnasNet、MobileNet、NAS(Neural Architecture Search)、Open Pose、PSPNet、SegNet、SENet、U-Net、VGG、Vision Transformer、Wide ResNet、YOLO、一般物体認識、インスタンスセグメンテーション、姿勢推定、セマンティックセグメンテーション、物体検出、物体識別、パノプティックセグメンテーション
GK-242,U-Net,技術分野,ディープラーニングの応用例,画像認識,29,エンコーダとデコーダをスキップ接続で結んだセグメンテーションモデル。,AlexNet、DeepLab、DenseNet、EfficientNet、Fast R-CNN、Faster R-CNN、FCN (Fully Convolutional Netwok)、FPN、GoogLeNet、Mask R-CNN、MnasNet、MobileNet、NAS(Neural Architecture Search)、Open Pose、PSPNet、SegNet、SENet、SSD、VGG、Vision Transformer、Wide ResNet、YOLO、一般物体認識、インスタンスセグメンテーション、姿勢推定、セマンティックセグメンテーション、物体検出、物体識別、パノプティックセグメンテーション
GK-243,VGG,技術分野,ディープラーニングの応用例,画像認識,152,小さな畳み込みフィルタを重ねて深い構造にしたCNN。,AlexNet、DeepLab、DenseNet、EfficientNet、Fast R-CNN、Faster R-CNN、FCN (Fully Convolutional Netwok)、FPN、GoogLeNet、Mask R-CNN、MnasNet、MobileNet、NAS(Neural Architecture Search)、Open Pose、PSPNet、SegNet、SENet、SSD、U-Net、Vision Transformer、Wide ResNet、YOLO、一般物体認識、インスタンスセグメンテーション、姿勢推定、セマンティックセグメンテーション、物体検出、物体識別、パノプティックセグメンテーション
GK-244,Vision Transformer,技術分野,ディープラーニングの応用例,画像認識,118,画像をパッチ列として扱い、Transformerで画像特徴を学習するモデル。,AlexNet、DeepLab、DenseNet、EfficientNet、Fast R-CNN、Faster R-CNN、FCN (Fully Convolutional Netwok)、FPN、GoogLeNet、Mask R-CNN、MnasNet、MobileNet、NAS(Neural Architecture Search)、Open Pose、PSPNet、SegNet、SENet、SSD、U-Net、VGG、Wide ResNet、YOLO、一般物体認識、インスタンスセグメンテーション、姿勢推定、セマンティックセグメンテーション、物体検出、物体識別、パノプティックセグメンテーション
GK-245,Wide ResNet,技術分野,ディープラーニングの応用例,画像認識,116,ResNetの層数を抑える代わりにネットワーク幅を広げたモデル。,AlexNet、DeepLab、DenseNet、EfficientNet、Fast R-CNN、Faster R-CNN、FCN (Fully Convolutional Netwok)、FPN、GoogLeNet、Mask R-CNN、MnasNet、MobileNet、NAS(Neural Architecture Search)、Open Pose、PSPNet、SegNet、SENet、SSD、U-Net、VGG、Vision Transformer、YOLO、一般物体認識、インスタンスセグメンテーション、姿勢推定、セマンティックセグメンテーション、物体検出、物体識別、パノプティックセグメンテーション
GK-246,YOLO,技術分野,ディープラーニングの応用例,画像認識,149,画像全体を一度に処理して物体の位置とクラスを推定する検出モデル。,AlexNet、DeepLab、DenseNet、EfficientNet、Fast R-CNN、Faster R-CNN、FCN (Fully Convolutional Netwok)、FPN、GoogLeNet、Mask R-CNN、MnasNet、MobileNet、NAS(Neural Architecture Search)、Open Pose、PSPNet、SegNet、SENet、SSD、U-Net、VGG、Vision Transformer、Wide ResNet、一般物体認識、インスタンスセグメンテーション、姿勢推定、セマンティックセグメンテーション、物体検出、物体識別、パノプティックセグメンテーション
GK-247,一般物体認識,技術分野,ディープラーニングの応用例,画像認識,0,画像中の一般的な物体のカテゴリを認識する技術。,AlexNet、DeepLab、DenseNet、EfficientNet、Fast R-CNN、Faster R-CNN、FCN (Fully Convolutional Netwok)、FPN、GoogLeNet、Mask R-CNN、MnasNet、MobileNet、NAS(Neural Architecture Search)、Open Pose、PSPNet、SegNet、SENet、SSD、U-Net、VGG、Vision Transformer、Wide ResNet、YOLO、インスタンスセグメンテーション、姿勢推定、セマンティックセグメンテーション、物体検出、物体識別、パノプティックセグメンテーション
GK-248,インスタンスセグメンテーション,技術分野,ディープラーニングの応用例,画像認識,134,同じカテゴリの物体も個体ごとに分けて画素分類する技術。,AlexNet、DeepLab、DenseNet、EfficientNet、Fast R-CNN、Faster R-CNN、FCN (Fully Convolutional Netwok)、FPN、GoogLeNet、Mask R-CNN、MnasNet、MobileNet、NAS(Neural Architecture Search)、Open Pose、PSPNet、SegNet、SENet、SSD、U-Net、VGG、Vision Transformer、Wide ResNet、YOLO、一般物体認識、姿勢推定、セマンティックセグメンテーション、物体検出、物体識別、パノプティックセグメンテーション
GK-249,姿勢推定,技術分野,ディープラーニングの応用例,画像認識,126,画像中の人物や物体の関節・基準点の位置を推定する技術。,AlexNet、DeepLab、DenseNet、EfficientNet、Fast R-CNN、Faster R-CNN、FCN (Fully Convolutional Netwok)、FPN、GoogLeNet、Mask R-CNN、MnasNet、MobileNet、NAS(Neural Architecture Search)、Open Pose、PSPNet、SegNet、SENet、SSD、U-Net、VGG、Vision Transformer、Wide ResNet、YOLO、一般物体認識、インスタンスセグメンテーション、セマンティックセグメンテーション、物体検出、物体識別、パノプティックセグメンテーション
GK-250,セマンティックセグメンテーション,技術分野,ディープラーニングの応用例,画像認識,146,画像の各画素を意味カテゴリに分類する技術。,AlexNet、DeepLab、DenseNet、EfficientNet、Fast R-CNN、Faster R-CNN、FCN (Fully Convolutional Netwok)、FPN、GoogLeNet、Mask R-CNN、MnasNet、MobileNet、NAS(Neural Architecture Search)、Open Pose、PSPNet、SegNet、SENet、SSD、U-Net、VGG、Vision Transformer、Wide ResNet、YOLO、一般物体認識、インスタンスセグメンテーション、姿勢推定、物体検出、物体識別、パノプティックセグメンテーション
GK-251,物体検出,技術分野,ディープラーニングの応用例,画像認識,195,画像中の物体の種類と位置を同時に推定する技術。,AlexNet、DeepLab、DenseNet、EfficientNet、Fast R-CNN、Faster R-CNN、FCN (Fully Convolutional Netwok)、FPN、GoogLeNet、Mask R-CNN、MnasNet、MobileNet、NAS(Neural Architecture Search)、Open Pose、PSPNet、SegNet、SENet、SSD、U-Net、VGG、Vision Transformer、Wide ResNet、YOLO、一般物体認識、インスタンスセグメンテーション、姿勢推定、セマンティックセグメンテーション、物体識別、パノプティックセグメンテーション
GK-252,物体識別,技術分野,ディープラーニングの応用例,画像認識,113,画像などに含まれる対象の種類を判定する技術。,AlexNet、DeepLab、DenseNet、EfficientNet、Fast R-CNN、Faster R-CNN、FCN (Fully Convolutional Netwok)、FPN、GoogLeNet、Mask R-CNN、MnasNet、MobileNet、NAS(Neural Architecture Search)、Open Pose、PSPNet、SegNet、SENet、SSD、U-Net、VGG、Vision Transformer、Wide ResNet、YOLO、一般物体認識、インスタンスセグメンテーション、姿勢推定、セマンティックセグメンテーション、物体検出、パノプティックセグメンテーション
GK-253,パノプティックセグメンテーション,技術分野,ディープラーニングの応用例,画像認識,115,背景にはクラス、物体にはクラスと個体IDを割り当て、画素全体を一貫して理解するタスク。,AlexNet、DeepLab、DenseNet、EfficientNet、Fast R-CNN、Faster R-CNN、FCN (Fully Convolutional Netwok)、FPN、GoogLeNet、Mask R-CNN、MnasNet、MobileNet、NAS(Neural Architecture Search)、Open Pose、PSPNet、SegNet、SENet、SSD、U-Net、VGG、Vision Transformer、Wide ResNet、YOLO、一般物体認識、インスタンスセグメンテーション、姿勢推定、セマンティックセグメンテーション、物体検出、物体識別
GK-254,BERT,技術分野,ディープラーニングの応用例,自然言語処理,154,文章の前後の文脈を双方向に学習したTransformerベースの言語モデル。,BoW (Bag-of-Words)、CBOW、CEC、ELMo、fastText、GLUE、n-gram、PaLM、TF-IDF、word2vec、機械翻訳、形態素解析、構文解析、質問応答、情報検索、スキップグラム、単語埋め込み、分散表現、文書要約、ワンホットベクトル、大規模言語モデル(LLM)
GK-255,BoW (Bag-of-Words),技術分野,ディープラーニングの応用例,自然言語処理,472,文章を単語の出現回数などの集合として表し、語順を考慮しない表現。,BERT、CBOW、CEC、ELMo、fastText、GLUE、n-gram、PaLM、TF-IDF、word2vec、機械翻訳、形態素解析、構文解析、質問応答、情報検索、スキップグラム、単語埋め込み、分散表現、文書要約、ワンホットベクトル、大規模言語モデル(LLM)
GK-256,CBOW,技術分野,ディープラーニングの応用例,自然言語処理,133,周囲の単語から、中央にある単語を予測する単語埋め込みの学習方法。,BERT、BoW (Bag-of-Words)、CEC、ELMo、fastText、GLUE、n-gram、PaLM、TF-IDF、word2vec、機械翻訳、形態素解析、構文解析、質問応答、情報検索、スキップグラム、単語埋め込み、分散表現、文書要約、ワンホットベクトル、大規模言語モデル(LLM)
GK-257,CEC,技術分野,ディープラーニングの応用例,自然言語処理,122,LSTMでセル状態を長時間保持するための、定数誤差を保つ経路。,BERT、BoW (Bag-of-Words)、CBOW、ELMo、fastText、GLUE、n-gram、PaLM、TF-IDF、word2vec、機械翻訳、形態素解析、構文解析、質問応答、情報検索、スキップグラム、単語埋め込み、分散表現、文書要約、ワンホットベクトル、大規模言語モデル(LLM)
GK-258,ELMo,技術分野,ディープラーニングの応用例,自然言語処理,117,文脈に応じて単語ベクトルが変化する、双方向言語モデルによる表現。,BERT、BoW (Bag-of-Words)、CBOW、CEC、fastText、GLUE、n-gram、PaLM、TF-IDF、word2vec、機械翻訳、形態素解析、構文解析、質問応答、情報検索、スキップグラム、単語埋め込み、分散表現、文書要約、ワンホットベクトル、大規模言語モデル(LLM)
GK-259,fastText,技術分野,ディープラーニングの応用例,自然言語処理,118,単語を文字 n-gram の情報も使って表現する単語埋め込み手法。,BERT、BoW (Bag-of-Words)、CBOW、CEC、ELMo、GLUE、n-gram、PaLM、TF-IDF、word2vec、機械翻訳、形態素解析、構文解析、質問応答、情報検索、スキップグラム、単語埋め込み、分散表現、文書要約、ワンホットベクトル、大規模言語モデル(LLM)
GK-260,GLUE,技術分野,ディープラーニングの応用例,自然言語処理,0,複数の自然言語理解タスクで言語モデルを評価するベンチマーク。,BERT、BoW (Bag-of-Words)、CBOW、CEC、ELMo、fastText、n-gram、PaLM、TF-IDF、word2vec、機械翻訳、形態素解析、構文解析、質問応答、情報検索、スキップグラム、単語埋め込み、分散表現、文書要約、ワンホットベクトル、大規模言語モデル(LLM)
GK-261,n-gram,技術分野,ディープラーニングの応用例,自然言語処理,3,文章中の連続するn個の単位をひとまとまりとして扱う表現。,BERT、BoW (Bag-of-Words)、CBOW、CEC、ELMo、fastText、GLUE、PaLM、TF-IDF、word2vec、機械翻訳、形態素解析、構文解析、質問応答、情報検索、スキップグラム、単語埋め込み、分散表現、文書要約、ワンホットベクトル、大規模言語モデル(LLM)
GK-262,PaLM,技術分野,ディープラーニングの応用例,自然言語処理,108,大規模な文章データで学習されたGoogleの大規模言語モデル。,BERT、BoW (Bag-of-Words)、CBOW、CEC、ELMo、fastText、GLUE、n-gram、TF-IDF、word2vec、機械翻訳、形態素解析、構文解析、質問応答、情報検索、スキップグラム、単語埋め込み、分散表現、文書要約、ワンホットベクトル、大規模言語モデル(LLM)
GK-263,TF-IDF,技術分野,ディープラーニングの応用例,自然言語処理,135,文書内で重要だが、文書集合全体では珍しい単語を高く評価する重み付け。,BERT、BoW (Bag-of-Words)、CBOW、CEC、ELMo、fastText、GLUE、n-gram、PaLM、word2vec、機械翻訳、形態素解析、構文解析、質問応答、情報検索、スキップグラム、単語埋め込み、分散表現、文書要約、ワンホットベクトル、大規模言語モデル(LLM)
GK-264,word2vec,技術分野,ディープラーニングの応用例,自然言語処理,147,単語の周辺関係を学習し、単語をベクトルで表す手法。,BERT、BoW (Bag-of-Words)、CBOW、CEC、ELMo、fastText、GLUE、n-gram、PaLM、TF-IDF、機械翻訳、形態素解析、構文解析、質問応答、情報検索、スキップグラム、単語埋め込み、分散表現、文書要約、ワンホットベクトル、大規模言語モデル(LLM)
GK-265,感情分析,技術分野,ディープラーニングの応用例,自然言語処理 / 音声処理,125,文章や発話に含まれる肯定・否定などの感情や意見を推定する処理。,
GK-266,機械翻訳,技術分野,ディープラーニングの応用例,自然言語処理,113,ある自然言語の文章を別の自然言語へ自動的に変換する技術。,BERT、BoW (Bag-of-Words)、CBOW、CEC、ELMo、fastText、GLUE、n-gram、PaLM、TF-IDF、word2vec、形態素解析、構文解析、質問応答、情報検索、スキップグラム、単語埋め込み、分散表現、文書要約、ワンホットベクトル、大規模言語モデル(LLM)
GK-267,形態素解析,技術分野,ディープラーニングの応用例,自然言語処理,127,文章を意味を持つ最小単位に分割し、品詞などを判定する処理。,BERT、BoW (Bag-of-Words)、CBOW、CEC、ELMo、fastText、GLUE、n-gram、PaLM、TF-IDF、word2vec、機械翻訳、構文解析、質問応答、情報検索、スキップグラム、単語埋め込み、分散表現、文書要約、ワンホットベクトル、大規模言語モデル(LLM)
GK-268,構文解析,技術分野,ディープラーニングの応用例,自然言語処理,118,文章の語句どうしの文法的な関係を解析する処理。,BERT、BoW (Bag-of-Words)、CBOW、CEC、ELMo、fastText、GLUE、n-gram、PaLM、TF-IDF、word2vec、機械翻訳、形態素解析、質問応答、情報検索、スキップグラム、単語埋め込み、分散表現、文書要約、ワンホットベクトル、大規模言語モデル(LLM)
GK-269,質問応答,技術分野,ディープラーニングの応用例,自然言語処理,27,質問文に対応する答えを生成または検索する技術。,BERT、BoW (Bag-of-Words)、CBOW、CEC、ELMo、fastText、GLUE、n-gram、PaLM、TF-IDF、word2vec、機械翻訳、形態素解析、構文解析、情報検索、スキップグラム、単語埋め込み、分散表現、文書要約、ワンホットベクトル、大規模言語モデル(LLM)
GK-270,情報検索,技術分野,ディープラーニングの応用例,自然言語処理,9,大量の情報から、検索条件に関連する情報を見つける技術。,BERT、BoW (Bag-of-Words)、CBOW、CEC、ELMo、fastText、GLUE、n-gram、PaLM、TF-IDF、word2vec、機械翻訳、形態素解析、構文解析、質問応答、スキップグラム、単語埋め込み、分散表現、文書要約、ワンホットベクトル、大規模言語モデル(LLM)
GK-271,スキップグラム,技術分野,ディープラーニングの応用例,自然言語処理,135,中心の単語から、その周辺に現れる単語を予測する埋め込み学習方法。,BERT、BoW (Bag-of-Words)、CBOW、CEC、ELMo、fastText、GLUE、n-gram、PaLM、TF-IDF、word2vec、機械翻訳、形態素解析、構文解析、質問応答、情報検索、単語埋め込み、分散表現、文書要約、ワンホットベクトル、大規模言語モデル(LLM)
GK-272,単語埋め込み,技術分野,ディープラーニングの応用例,自然言語処理,22,単語を意味や関係を反映した数値ベクトルで表す方法。,BERT、BoW (Bag-of-Words)、CBOW、CEC、ELMo、fastText、GLUE、n-gram、PaLM、TF-IDF、word2vec、機械翻訳、形態素解析、構文解析、質問応答、情報検索、スキップグラム、分散表現、文書要約、ワンホットベクトル、大規模言語モデル(LLM)
GK-273,分散表現,技術分野,ディープラーニングの応用例,自然言語処理,27,対象を高次元ベクトルとして表し、類似性や関係を扱う表現方法。,BERT、BoW (Bag-of-Words)、CBOW、CEC、ELMo、fastText、GLUE、n-gram、PaLM、TF-IDF、word2vec、機械翻訳、形態素解析、構文解析、質問応答、情報検索、スキップグラム、単語埋め込み、文書要約、ワンホットベクトル、大規模言語モデル(LLM)
GK-274,文書要約,技術分野,ディープラーニングの応用例,自然言語処理,110,長い文章の重要な内容を短い文章にまとめる処理。,BERT、BoW (Bag-of-Words)、CBOW、CEC、ELMo、fastText、GLUE、n-gram、PaLM、TF-IDF、word2vec、機械翻訳、形態素解析、構文解析、質問応答、情報検索、スキップグラム、単語埋め込み、分散表現、ワンホットベクトル、大規模言語モデル(LLM)
GK-275,ワンホットベクトル,技術分野,ディープラーニングの応用例,自然言語処理,2,候補の一つだけを1、その他を0で表すカテゴリ表現。,BERT、BoW (Bag-of-Words)、CBOW、CEC、ELMo、fastText、GLUE、n-gram、PaLM、TF-IDF、word2vec、機械翻訳、形態素解析、構文解析、質問応答、情報検索、スキップグラム、単語埋め込み、分散表現、文書要約、大規模言語モデル(LLM)
GK-276,大規模言語モデル(LLM),技術分野,ディープラーニングの応用例,自然言語処理,481,大量の文章データで学習し、言語の理解や生成を行う大規模モデル。,BERT、BoW (Bag-of-Words)、CBOW、CEC、ELMo、fastText、GLUE、n-gram、PaLM、TF-IDF、word2vec、機械翻訳、形態素解析、構文解析、質問応答、情報検索、スキップグラム、単語埋め込み、分散表現、文書要約、ワンホットベクトル
GK-277,A-D 変換,技術分野,ディープラーニングの応用例,音声処理,210,連続的なアナログ信号を、数値列であるデジタル信号に変換する処理。,WaveNet、音韻、音声合成、音声認識、音素、隠れマルコフモデル、高速フーリエ変換 (FFT)、スペクトル包絡、パルス符号変調器 (PCM)、フォルマント、フォルマント周波数、メル周波数ケプストラム係数 (MFCC)、メル尺度、話者識別、CTC
GK-278,WaveNet,技術分野,ディープラーニングの応用例,音声処理,125,音声波形を自己回帰的に生成するニューラルネットワーク。,A-D 変換、音韻、音声合成、音声認識、音素、隠れマルコフモデル、高速フーリエ変換 (FFT)、スペクトル包絡、パルス符号変調器 (PCM)、フォルマント、フォルマント周波数、メル周波数ケプストラム係数 (MFCC)、メル尺度、話者識別、CTC
GK-279,音韻,技術分野,ディープラーニングの応用例,音声処理,115,言語の音の体系や、音が意味を区別する働きに関する単位・概念。,A-D 変換、WaveNet、音声合成、音声認識、音素、隠れマルコフモデル、高速フーリエ変換 (FFT)、スペクトル包絡、パルス符号変調器 (PCM)、フォルマント、フォルマント周波数、メル周波数ケプストラム係数 (MFCC)、メル尺度、話者識別、CTC
GK-280,音声合成,技術分野,ディープラーニングの応用例,音声処理,21,文字や記号などから人間の音声に似た音を生成する技術。,A-D 変換、WaveNet、音韻、音声認識、音素、隠れマルコフモデル、高速フーリエ変換 (FFT)、スペクトル包絡、パルス符号変調器 (PCM)、フォルマント、フォルマント周波数、メル周波数ケプストラム係数 (MFCC)、メル尺度、話者識別、CTC
GK-281,音声認識,技術分野,ディープラーニングの応用例,音声処理,184,音声を文字や意味などの情報に変換する技術。,A-D 変換、WaveNet、音韻、音声合成、音素、隠れマルコフモデル、高速フーリエ変換 (FFT)、スペクトル包絡、パルス符号変調器 (PCM)、フォルマント、フォルマント周波数、メル周波数ケプストラム係数 (MFCC)、メル尺度、話者識別、CTC
GK-282,音素,技術分野,ディープラーニングの応用例,音声処理,121,同じ言語で意味の違いを生じさせる最小の音の単位。,A-D 変換、WaveNet、音韻、音声合成、音声認識、隠れマルコフモデル、高速フーリエ変換 (FFT)、スペクトル包絡、パルス符号変調器 (PCM)、フォルマント、フォルマント周波数、メル周波数ケプストラム係数 (MFCC)、メル尺度、話者識別、CTC
GK-283,隠れマルコフモデル,技術分野,ディープラーニングの応用例,音声処理,117,見えない状態がマルコフ過程で変化し、観測値を確率的に生むモデル。,A-D 変換、WaveNet、音韻、音声合成、音声認識、音素、高速フーリエ変換 (FFT)、スペクトル包絡、パルス符号変調器 (PCM)、フォルマント、フォルマント周波数、メル周波数ケプストラム係数 (MFCC)、メル尺度、話者識別、CTC
GK-284,高速フーリエ変換 (FFT),技術分野,ディープラーニングの応用例,音声処理,116,信号を時間領域から周波数領域へ効率よく変換する計算法。,A-D 変換、WaveNet、音韻、音声合成、音声認識、音素、隠れマルコフモデル、スペクトル包絡、パルス符号変調器 (PCM)、フォルマント、フォルマント周波数、メル周波数ケプストラム係数 (MFCC)、メル尺度、話者識別、CTC
GK-285,スペクトル包絡,技術分野,ディープラーニングの応用例,音声処理,115,音の周波数スペクトルの大まかな形状を表す曲線。,A-D 変換、WaveNet、音韻、音声合成、音声認識、音素、隠れマルコフモデル、高速フーリエ変換 (FFT)、パルス符号変調器 (PCM)、フォルマント、フォルマント周波数、メル周波数ケプストラム係数 (MFCC)、メル尺度、話者識別、CTC
GK-286,パルス符号変調器 (PCM),技術分野,ディープラーニングの応用例,音声処理,115,音声などのアナログ信号を標本化・量子化してデジタル化する方式。,A-D 変換、WaveNet、音韻、音声合成、音声認識、音素、隠れマルコフモデル、高速フーリエ変換 (FFT)、スペクトル包絡、フォルマント、フォルマント周波数、メル周波数ケプストラム係数 (MFCC)、メル尺度、話者識別、CTC
GK-287,フォルマント,技術分野,ディープラーニングの応用例,音声処理,0,音声のスペクトルに現れる共鳴周波数のピーク。,A-D 変換、WaveNet、音韻、音声合成、音声認識、音素、隠れマルコフモデル、高速フーリエ変換 (FFT)、スペクトル包絡、パルス符号変調器 (PCM)、フォルマント周波数、メル周波数ケプストラム係数 (MFCC)、メル尺度、話者識別、CTC
GK-288,フォルマント周波数,技術分野,ディープラーニングの応用例,音声処理,0,声道の共鳴によって生じるフォルマントの周波数。,A-D 変換、WaveNet、音韻、音声合成、音声認識、音素、隠れマルコフモデル、高速フーリエ変換 (FFT)、スペクトル包絡、パルス符号変調器 (PCM)、フォルマント、メル周波数ケプストラム係数 (MFCC)、メル尺度、話者識別、CTC
GK-289,メル周波数ケプストラム係数 (MFCC),技術分野,ディープラーニングの応用例,音声処理,219,人間の聴覚特性を考慮して音声のスペクトルを表す特徴量。,A-D 変換、WaveNet、音韻、音声合成、音声認識、音素、隠れマルコフモデル、高速フーリエ変換 (FFT)、スペクトル包絡、パルス符号変調器 (PCM)、フォルマント、フォルマント周波数、メル尺度、話者識別、CTC
GK-290,メル尺度,技術分野,ディープラーニングの応用例,音声処理,9,人間が感じる音の高さに近づけて定義した周波数尺度。,A-D 変換、WaveNet、音韻、音声合成、音声認識、音素、隠れマルコフモデル、高速フーリエ変換 (FFT)、スペクトル包絡、パルス符号変調器 (PCM)、フォルマント、フォルマント周波数、メル周波数ケプストラム係数 (MFCC)、話者識別、CTC
GK-291,話者識別,技術分野,ディープラーニングの応用例,音声処理,2,音声の特徴から、誰が話しているかを判定する処理。,A-D 変換、WaveNet、音韻、音声合成、音声認識、音素、隠れマルコフモデル、高速フーリエ変換 (FFT)、スペクトル包絡、パルス符号変調器 (PCM)、フォルマント、フォルマント周波数、メル周波数ケプストラム係数 (MFCC)、メル尺度、CTC
GK-292,CTC,技術分野,ディープラーニングの応用例,音声処理,132,入力と出力の対応位置が不明な系列データを学習するための損失関数。,A-D 変換、WaveNet、音韻、音声合成、音声認識、音素、隠れマルコフモデル、高速フーリエ変換 (FFT)、スペクトル包絡、パルス符号変調器 (PCM)、フォルマント、フォルマント周波数、メル周波数ケプストラム係数 (MFCC)、メル尺度、話者識別
GK-293,A3C,技術分野,ディープラーニングの応用例,深層強化学習,120,複数の環境を並列に動かし、非同期に方策を学ぶ強化学習手法。,Agent57、APE-X、DQN、OpenAI Five、PPO、Rainbow、RLHF、sim2real、アルファスター(AlphaStar)、オフライン強化学習、残差強化学習、状態表現学習、ダブル DQN、デュエリングネットワーク、ドメインランダマイゼーション、ノイジーネットワーク、報酬成形、マルチエージェント強化学習(MARL)、連続値制御
GK-294,Agent57,技術分野,ディープラーニングの応用例,深層強化学習,114,複数の探索戦略を組み合わせ、幅広いゲームで学習する強化学習エージェント。,A3C、APE-X、DQN、OpenAI Five、PPO、Rainbow、RLHF、sim2real、アルファスター(AlphaStar)、オフライン強化学習、残差強化学習、状態表現学習、ダブル DQN、デュエリングネットワーク、ドメインランダマイゼーション、ノイジーネットワーク、報酬成形、マルチエージェント強化学習(MARL)、連続値制御
GK-295,APE-X,技術分野,ディープラーニングの応用例,深層強化学習,115,経験再生データを優先度付きで共有し、多数の行動主体が並列に学習する強化学習手法。,A3C、Agent57、DQN、OpenAI Five、PPO、Rainbow、RLHF、sim2real、アルファスター(AlphaStar)、オフライン強化学習、残差強化学習、状態表現学習、ダブル DQN、デュエリングネットワーク、ドメインランダマイゼーション、ノイジーネットワーク、報酬成形、マルチエージェント強化学習(MARL)、連続値制御
GK-296,DQN,技術分野,ディープラーニングの応用例,深層強化学習,256,Q学習と深層ニューラルネットワークを組み合わせた強化学習手法。,A3C、Agent57、APE-X、OpenAI Five、PPO、Rainbow、RLHF、sim2real、アルファスター(AlphaStar)、オフライン強化学習、残差強化学習、状態表現学習、ダブル DQN、デュエリングネットワーク、ドメインランダマイゼーション、ノイジーネットワーク、報酬成形、マルチエージェント強化学習(MARL)、連続値制御
GK-297,OpenAI Five,技術分野,ディープラーニングの応用例,深層強化学習,114,複数エージェントの強化学習で、Dota 2をプレイするエージェントを学習したシステム。,A3C、Agent57、APE-X、DQN、PPO、Rainbow、RLHF、sim2real、アルファスター(AlphaStar)、オフライン強化学習、残差強化学習、状態表現学習、ダブル DQN、デュエリングネットワーク、ドメインランダマイゼーション、ノイジーネットワーク、報酬成形、マルチエージェント強化学習(MARL)、連続値制御
GK-298,PPO,技術分野,ディープラーニングの応用例,深層強化学習,130,方策の更新幅を制限して、安定した方策勾配学習を行う手法。,A3C、Agent57、APE-X、DQN、OpenAI Five、Rainbow、RLHF、sim2real、アルファスター(AlphaStar)、オフライン強化学習、残差強化学習、状態表現学習、ダブル DQN、デュエリングネットワーク、ドメインランダマイゼーション、ノイジーネットワーク、報酬成形、マルチエージェント強化学習(MARL)、連続値制御
GK-299,Rainbow,技術分野,ディープラーニングの応用例,深層強化学習,0,DQNの複数の改良を組み合わせた強化学習エージェント。,A3C、Agent57、APE-X、DQN、OpenAI Five、PPO、RLHF、sim2real、アルファスター(AlphaStar)、オフライン強化学習、残差強化学習、状態表現学習、ダブル DQN、デュエリングネットワーク、ドメインランダマイゼーション、ノイジーネットワーク、報酬成形、マルチエージェント強化学習(MARL)、連続値制御
GK-300,RLHF,技術分野,ディープラーニングの応用例,深層強化学習,7,人間の評価を使って、言語モデルの出力方針を調整する学習方法。,A3C、Agent57、APE-X、DQN、OpenAI Five、PPO、Rainbow、sim2real、アルファスター(AlphaStar)、オフライン強化学習、残差強化学習、状態表現学習、ダブル DQN、デュエリングネットワーク、ドメインランダマイゼーション、ノイジーネットワーク、報酬成形、マルチエージェント強化学習(MARL)、連続値制御
GK-301,sim2real,技術分野,ディープラーニングの応用例,深層強化学習,114,シミュレーションで学習したモデルを現実の環境へ移すこと。,A3C、Agent57、APE-X、DQN、OpenAI Five、PPO、Rainbow、RLHF、アルファスター(AlphaStar)、オフライン強化学習、残差強化学習、状態表現学習、ダブル DQN、デュエリングネットワーク、ドメインランダマイゼーション、ノイジーネットワーク、報酬成形、マルチエージェント強化学習(MARL)、連続値制御
GK-302,アルファスター(AlphaStar),技術分野,ディープラーニングの応用例,深層強化学習,115,StarCraft IIを対象に、深層強化学習などで学習したリアルタイム戦略ゲームのエージェント。,A3C、Agent57、APE-X、DQN、OpenAI Five、PPO、Rainbow、RLHF、sim2real、オフライン強化学習、残差強化学習、状態表現学習、ダブル DQN、デュエリングネットワーク、ドメインランダマイゼーション、ノイジーネットワーク、報酬成形、マルチエージェント強化学習(MARL)、連続値制御
GK-303,オフライン強化学習,技術分野,ディープラーニングの応用例,深層強化学習,0,環境と新たに相互作用せず、過去の行動データだけで方策を学ぶ方法。,A3C、Agent57、APE-X、DQN、OpenAI Five、PPO、Rainbow、RLHF、sim2real、アルファスター(AlphaStar)、残差強化学習、状態表現学習、ダブル DQN、デュエリングネットワーク、ドメインランダマイゼーション、ノイジーネットワーク、報酬成形、マルチエージェント強化学習(MARL)、連続値制御
GK-304,残差強化学習,技術分野,ディープラーニングの応用例,深層強化学習,0,既存の方策や制御器との差分を強化学習で学ぶ方法。,A3C、Agent57、APE-X、DQN、OpenAI Five、PPO、Rainbow、RLHF、sim2real、アルファスター(AlphaStar)、オフライン強化学習、状態表現学習、ダブル DQN、デュエリングネットワーク、ドメインランダマイゼーション、ノイジーネットワーク、報酬成形、マルチエージェント強化学習(MARL)、連続値制御
GK-305,状態表現学習,技術分野,ディープラーニングの応用例,深層強化学習,0,観測データから、方策学習に適した低次元で意味のある状態表現を獲得する方法。,A3C、Agent57、APE-X、DQN、OpenAI Five、PPO、Rainbow、RLHF、sim2real、アルファスター(AlphaStar)、オフライン強化学習、残差強化学習、ダブル DQN、デュエリングネットワーク、ドメインランダマイゼーション、ノイジーネットワーク、報酬成形、マルチエージェント強化学習(MARL)、連続値制御
GK-306,ダブル DQN,技術分野,ディープラーニングの応用例,深層強化学習,112,行動選択と価値評価に別の推定を使い、Q値の過大評価を抑える手法。,A3C、Agent57、APE-X、DQN、OpenAI Five、PPO、Rainbow、RLHF、sim2real、アルファスター(AlphaStar)、オフライン強化学習、残差強化学習、状態表現学習、デュエリングネットワーク、ドメインランダマイゼーション、ノイジーネットワーク、報酬成形、マルチエージェント強化学習(MARL)、連続値制御
GK-307,デュエリングネットワーク,技術分野,ディープラーニングの応用例,深層強化学習,1,状態の価値と各行動の優位性を分けて推定するDQNの構造。,A3C、Agent57、APE-X、DQN、OpenAI Five、PPO、Rainbow、RLHF、sim2real、アルファスター(AlphaStar)、オフライン強化学習、残差強化学習、状態表現学習、ダブル DQN、ドメインランダマイゼーション、ノイジーネットワーク、報酬成形、マルチエージェント強化学習(MARL)、連続値制御
GK-308,ドメインランダマイゼーション,技術分野,ディープラーニングの応用例,深層強化学習,114,シミュレーション環境の条件をランダム化して現実への適応性を高める方法。,A3C、Agent57、APE-X、DQN、OpenAI Five、PPO、Rainbow、RLHF、sim2real、アルファスター(AlphaStar)、オフライン強化学習、残差強化学習、状態表現学習、ダブル DQN、デュエリングネットワーク、ノイジーネットワーク、報酬成形、マルチエージェント強化学習(MARL)、連続値制御
GK-309,ノイジーネットワーク,技術分野,ディープラーニングの応用例,深層強化学習,113,重みに確率的なノイズを加え、行動選択に必要な探索をネットワーク内部で行う強化学習モデル。,A3C、Agent57、APE-X、DQN、OpenAI Five、PPO、Rainbow、RLHF、sim2real、アルファスター(AlphaStar)、オフライン強化学習、残差強化学習、状態表現学習、ダブル DQN、デュエリングネットワーク、ドメインランダマイゼーション、報酬成形、マルチエージェント強化学習(MARL)、連続値制御
GK-310,報酬成形,技術分野,ディープラーニングの応用例,深層強化学習,112,学習を促すため、元の報酬に補助的な報酬を加える設計。,A3C、Agent57、APE-X、DQN、OpenAI Five、PPO、Rainbow、RLHF、sim2real、アルファスター(AlphaStar)、オフライン強化学習、残差強化学習、状態表現学習、ダブル DQN、デュエリングネットワーク、ドメインランダマイゼーション、ノイジーネットワーク、マルチエージェント強化学習(MARL)、連続値制御
GK-311,マルチエージェント強化学習(MARL),技術分野,ディープラーニングの応用例,深層強化学習,0,複数のエージェントが相互作用する環境で方策を学ぶ強化学習。,A3C、Agent57、APE-X、DQN、OpenAI Five、PPO、Rainbow、RLHF、sim2real、アルファスター(AlphaStar)、オフライン強化学習、残差強化学習、状態表現学習、ダブル DQN、デュエリングネットワーク、ドメインランダマイゼーション、ノイジーネットワーク、報酬成形、連続値制御
GK-312,連続値制御,技術分野,ディープラーニングの応用例,深層強化学習,0,行動が連続的な数値を取る制御問題。,A3C、Agent57、APE-X、DQN、OpenAI Five、PPO、Rainbow、RLHF、sim2real、アルファスター(AlphaStar)、オフライン強化学習、残差強化学習、状態表現学習、ダブル DQN、デュエリングネットワーク、ドメインランダマイゼーション、ノイジーネットワーク、報酬成形、マルチエージェント強化学習(MARL)
GK-313,CycleGAN,技術分野,ディープラーニングの応用例,データ生成,120,対応するペア画像がなくても、二つの画像ドメイン間の変換を学ぶGAN。,DCGAN、Diffusion Model、NeRF、Pix2Pix、音声生成、画像生成、敵対的生成ネットワーク (GAN)、文章生成
GK-314,DCGAN,技術分野,ディープラーニングの応用例,データ生成,116,畳み込みニューラルネットワークを使って画像生成を行うGAN。,CycleGAN、Diffusion Model、NeRF、Pix2Pix、音声生成、画像生成、敵対的生成ネットワーク (GAN)、文章生成
GK-315,Diffusion Model,技術分野,ディープラーニングの応用例,データ生成,121,ノイズを加えたデータから段階的にノイズを除き、データを生成するモデル。,CycleGAN、DCGAN、NeRF、Pix2Pix、音声生成、画像生成、敵対的生成ネットワーク (GAN)、文章生成
GK-316,NeRF,技術分野,ディープラーニングの応用例,データ生成,118,複数視点の画像から、3次元空間と視点ごとの見え方を表現するモデル。,CycleGAN、DCGAN、Diffusion Model、Pix2Pix、音声生成、画像生成、敵対的生成ネットワーク (GAN)、文章生成
GK-317,Pix2Pix,技術分野,ディープラーニングの応用例,データ生成,122,対応する入力画像と出力画像のペアから画像変換を学ぶGAN。,CycleGAN、DCGAN、Diffusion Model、NeRF、音声生成、画像生成、敵対的生成ネットワーク (GAN)、文章生成
GK-318,音声生成,技術分野,ディープラーニングの応用例,データ生成,7,入力条件や潜在表現から音声信号を作り出す技術。,CycleGAN、DCGAN、Diffusion Model、NeRF、Pix2Pix、画像生成、敵対的生成ネットワーク (GAN)、文章生成
GK-319,画像生成,技術分野,ディープラーニングの応用例,データ生成,50,乱数ベクトルや文章などの条件から、意味のある新しい画像を作る生成タスク。,CycleGAN、DCGAN、Diffusion Model、NeRF、Pix2Pix、音声生成、敵対的生成ネットワーク (GAN)、文章生成
GK-320,敵対的生成ネットワーク (GAN),技術分野,ディープラーニングの応用例,データ生成,693,生成器と識別器を競わせて、現実に近いデータを生成するモデル。,CycleGAN、DCGAN、Diffusion Model、NeRF、Pix2Pix、音声生成、画像生成、文章生成
GK-321,文章生成,技術分野,ディープラーニングの応用例,データ生成,13,入力条件や文脈に応じて新しい文章を作る処理。,CycleGAN、DCGAN、Diffusion Model、NeRF、Pix2Pix、音声生成、画像生成、敵対的生成ネットワーク (GAN)
GK-322,Few-shot,技術分野,ディープラーニングの応用例,転移学習・ファインチューニング,137,少数の例を示すだけで、モデルに新しい課題を実行させる方法。,One-shot、自己教師あり学習、事前学習済みモデル、破滅的忘却、半教師あり学習
GK-323,One-shot,技術分野,ディープラーニングの応用例,転移学習・ファインチューニング,114,対象課題の例を一つだけ示す、または各クラス一例程度のデータで学習・推論する設定。,Few-shot、自己教師あり学習、事前学習済みモデル、破滅的忘却、半教師あり学習
GK-324,自己教師あり学習,技術分野,ディープラーニングの応用例,転移学習・ファインチューニング,159,データ自身から作った信号を教師として表現を学習する方法。,Few-shot、One-shot、事前学習済みモデル、破滅的忘却、半教師あり学習
GK-325,事前学習済みモデル,技術分野,ディープラーニングの応用例,転移学習・ファインチューニング,10,別の大規模データで事前学習され、別の課題に再利用できるモデル。,Few-shot、One-shot、自己教師あり学習、破滅的忘却、半教師あり学習
GK-326,破滅的忘却,技術分野,ディープラーニングの応用例,転移学習・ファインチューニング,106,新しい課題を学習すると、以前の課題の知識を急激に失う現象。,Few-shot、One-shot、自己教師あり学習、事前学習済みモデル、半教師あり学習
GK-327,半教師あり学習,技術分野,ディープラーニングの応用例,転移学習・ファインチューニング,145,少量のラベル付きデータと大量のラベルなしデータを併用する学習方法。,Few-shot、One-shot、自己教師あり学習、事前学習済みモデル、破滅的忘却
GK-328,CLIP,技術分野,ディープラーニングの応用例,マルチモーダル,146,画像と文章の対応関係を学習し、両者を共通の表現空間で扱うモデル。,DALL-E、Flamingo、Image Captioning、Text-To-Image、Visual Question Answering、Unified-IO、Zero-shot、基盤モデル、マルチタスク学習
GK-329,DALL-E,技術分野,ディープラーニングの応用例,マルチモーダル,118,文章による指示から画像を生成するモデル。,CLIP、Flamingo、Image Captioning、Text-To-Image、Visual Question Answering、Unified-IO、Zero-shot、基盤モデル、マルチタスク学習
GK-330,Flamingo,技術分野,ディープラーニングの応用例,マルチモーダル,0,画像や動画と文章を組み合わせて扱うマルチモーダルモデル。,CLIP、DALL-E、Image Captioning、Text-To-Image、Visual Question Answering、Unified-IO、Zero-shot、基盤モデル、マルチタスク学習
GK-331,Image Captioning,技術分野,ディープラーニングの応用例,マルチモーダル,10,画像の内容を説明する文章を生成する技術。,CLIP、DALL-E、Flamingo、Text-To-Image、Visual Question Answering、Unified-IO、Zero-shot、基盤モデル、マルチタスク学習
GK-332,Text-To-Image,技術分野,ディープラーニングの応用例,マルチモーダル,2,文章の指示から画像を生成する処理またはモデル。,CLIP、DALL-E、Flamingo、Image Captioning、Visual Question Answering、Unified-IO、Zero-shot、基盤モデル、マルチタスク学習
GK-333,Visual Question Answering,技術分野,ディープラーニングの応用例,マルチモーダル,113,画像と質問文を入力し、画像に関する答えを出力する技術。,CLIP、DALL-E、Flamingo、Image Captioning、Text-To-Image、Unified-IO、Zero-shot、基盤モデル、マルチタスク学習
GK-334,Unified-IO,技術分野,ディープラーニングの応用例,マルチモーダル,0,画像・文章など複数の形式の入出力を統一的に扱うモデル。,CLIP、DALL-E、Flamingo、Image Captioning、Text-To-Image、Visual Question Answering、Zero-shot、基盤モデル、マルチタスク学習
GK-335,Zero-shot,技術分野,ディープラーニングの応用例,マルチモーダル,149,対象課題の具体例を与えず、学習済みの知識だけで課題を実行する方法。,CLIP、DALL-E、Flamingo、Image Captioning、Text-To-Image、Visual Question Answering、Unified-IO、基盤モデル、マルチタスク学習
GK-336,基盤モデル,技術分野,ディープラーニングの応用例,マルチモーダル,16,大量で多様なデータを学習し、複数の用途へ適応できる大規模モデル。,CLIP、DALL-E、Flamingo、Image Captioning、Text-To-Image、Visual Question Answering、Unified-IO、Zero-shot、マルチタスク学習
GK-337,マルチタスク学習,技術分野,ディープラーニングの応用例,マルチモーダル,117,複数の課題を同時に学習し、共通する表現を利用する方法。,CLIP、DALL-E、Flamingo、Image Captioning、Text-To-Image、Visual Question Answering、Unified-IO、Zero-shot、基盤モデル
GK-338,CAM,技術分野,ディープラーニングの応用例,モデルの解釈性,274,CNNの特徴マップを使って、分類判断に寄与した画像領域を可視化する方法。,Grad-CAM、LIME、Permutation Importance、SHAP、説明可能 AI (XAI)
GK-339,Grad-CAM,技術分野,ディープラーニングの応用例,モデルの解釈性,150,勾配を使って、CNNが予測に利用した画像領域を可視化する方法。,CAM、LIME、Permutation Importance、SHAP、説明可能 AI (XAI)
GK-340,LIME,技術分野,ディープラーニングの応用例,モデルの解釈性,134,入力の一部を変化させ、個別の予測を近似モデルで説明する方法。,CAM、Grad-CAM、Permutation Importance、SHAP、説明可能 AI (XAI)
GK-341,Permutation Importance,技術分野,ディープラーニングの応用例,モデルの解釈性,3,特徴量をランダムに入れ替え、予測性能の低下から重要度を測る方法。,CAM、Grad-CAM、LIME、SHAP、説明可能 AI (XAI)
GK-342,SHAP,技術分野,ディープラーニングの応用例,モデルの解釈性,286,各特徴量の寄与を協力ゲームの考え方で分解して説明する方法。,CAM、Grad-CAM、LIME、Permutation Importance、説明可能 AI (XAI)
GK-343,説明可能 AI (XAI),技術分野,ディープラーニングの応用例,モデルの解釈性,175,AIの予測や判断に至った理由を人が理解できる形で示す技術や考え方。,CAM、Grad-CAM、LIME、Permutation Importance、SHAP
GK-344,エッジ AI,技術分野,ディープラーニングの応用例,モデルの軽量化,13,クラウドに処理を全面的に依存せず、端末や現場の機器上で推論などのAI処理を行う仕組み。,蒸留、宝くじ仮説、プルーニング、モデル圧縮、量子化
GK-345,蒸留,技術分野,ディープラーニングの応用例,モデルの軽量化,150,大きな教師モデルの知識を小さな生徒モデルへ移すモデル圧縮方法。,エッジ AI、宝くじ仮説、プルーニング、モデル圧縮、量子化
GK-346,宝くじ仮説,技術分野,ディープラーニングの応用例,モデルの軽量化,0,大規模ネットワーク内に、初期値を保ったまま学習できる小さな部分ネットワークがあるという仮説。,エッジ AI、蒸留、プルーニング、モデル圧縮、量子化
GK-347,プルーニング,技術分野,ディープラーニングの応用例,モデルの軽量化,150,予測への影響が小さい重みや構造を削除してモデルを軽量化する方法。,エッジ AI、蒸留、宝くじ仮説、モデル圧縮、量子化
GK-348,モデル圧縮,技術分野,ディープラーニングの応用例,モデルの軽量化,4,モデルの精度を大きく損なわずに、サイズや計算量を減らす方法。,エッジ AI、蒸留、宝くじ仮説、プルーニング、量子化
GK-349,量子化,技術分野,ディープラーニングの応用例,モデルの軽量化,175,重みや計算値を少ないビット数で表し、モデルを軽量化する方法。,エッジ AI、蒸留、宝くじ仮説、プルーニング、モデル圧縮
GK-350,AI のビジネス活用,技術分野,AIの社会実装に向けて,AI プロジェクトの進め方,18,業務上の課題や意思決定にAIを組み込み、価値や効率を高めること。,AI プロジェクトの進め方、BPR、CRISP-DM、CRISP-ML、Docker、Jupyter Notebook、MLOps、Python、Web API、アジャイル、ウォーターフォール、オープン・イノベーション、クラウド、産学連携、ステークホルダーのニーズ、データサイエンティスト、他企業や他業種との連携
GK-351,AI プロジェクトの進め方,技術分野,AIの社会実装に向けて,AI プロジェクトの進め方,3,課題設定、データ準備、開発、評価、運用を段階的に進める考え方。,AI のビジネス活用、BPR、CRISP-DM、CRISP-ML、Docker、Jupyter Notebook、MLOps、Python、Web API、アジャイル、ウォーターフォール、オープン・イノベーション、クラウド、産学連携、ステークホルダーのニーズ、データサイエンティスト、他企業や他業種との連携
GK-352,BPR,技術分野,AIの社会実装に向けて,AI プロジェクトの進め方,35,業務プロセスを抜本的に見直し、組織や業務の成果を改善する取り組み。,AI のビジネス活用、AI プロジェクトの進め方、CRISP-DM、CRISP-ML、Docker、Jupyter Notebook、MLOps、Python、Web API、アジャイル、ウォーターフォール、オープン・イノベーション、クラウド、産学連携、ステークホルダーのニーズ、データサイエンティスト、他企業や他業種との連携
GK-353,CRISP-DM,技術分野,AIの社会実装に向けて,AI プロジェクトの進め方,33,業務理解、データ理解、データ準備、モデル作成、評価、展開からなる分析手順。,AI のビジネス活用、AI プロジェクトの進め方、BPR、CRISP-ML、Docker、Jupyter Notebook、MLOps、Python、Web API、アジャイル、ウォーターフォール、オープン・イノベーション、クラウド、産学連携、ステークホルダーのニーズ、データサイエンティスト、他企業や他業種との連携
GK-354,CRISP-ML,技術分野,AIの社会実装に向けて,AI プロジェクトの進め方,0,機械学習プロジェクトの計画、開発、評価、運用を整理するプロセスモデル。,AI のビジネス活用、AI プロジェクトの進め方、BPR、CRISP-DM、Docker、Jupyter Notebook、MLOps、Python、Web API、アジャイル、ウォーターフォール、オープン・イノベーション、クラウド、産学連携、ステークホルダーのニーズ、データサイエンティスト、他企業や他業種との連携
GK-355,Docker,技術分野,AIの社会実装に向けて,AI プロジェクトの進め方,29,アプリケーションと実行環境をコンテナとしてまとめて動かす仕組み。,AI のビジネス活用、AI プロジェクトの進め方、BPR、CRISP-DM、CRISP-ML、Jupyter Notebook、MLOps、Python、Web API、アジャイル、ウォーターフォール、オープン・イノベーション、クラウド、産学連携、ステークホルダーのニーズ、データサイエンティスト、他企業や他業種との連携
GK-356,Jupyter Notebook,技術分野,AIの社会実装に向けて,AI プロジェクトの進め方,0,コード、実行結果、説明文を一つの文書で扱える対話的な実行環境。,AI のビジネス活用、AI プロジェクトの進め方、BPR、CRISP-DM、CRISP-ML、Docker、MLOps、Python、Web API、アジャイル、ウォーターフォール、オープン・イノベーション、クラウド、産学連携、ステークホルダーのニーズ、データサイエンティスト、他企業や他業種との連携
GK-357,MLOps,技術分野,AIの社会実装に向けて,AI プロジェクトの進め方,48,機械学習モデルの開発・評価・配備・監視を継続的に管理する考え方。,AI のビジネス活用、AI プロジェクトの進め方、BPR、CRISP-DM、CRISP-ML、Docker、Jupyter Notebook、Python、Web API、アジャイル、ウォーターフォール、オープン・イノベーション、クラウド、産学連携、ステークホルダーのニーズ、データサイエンティスト、他企業や他業種との連携
GK-358,PoC,技術分野 / 法律・倫理分野,AIの社会実装に向けて / AIに関する法律と契約,AI プロジェクトの進め方 / AI開発委託契約,234,本格導入前に、技術やアイデアが実現可能かを小規模に検証する取り組み。,
GK-359,Python,技術分野,AIの社会実装に向けて,AI プロジェクトの進め方,11,機械学習やデータ分析で広く使われる汎用プログラミング言語。,AI のビジネス活用、AI プロジェクトの進め方、BPR、CRISP-DM、CRISP-ML、Docker、Jupyter Notebook、MLOps、Web API、アジャイル、ウォーターフォール、オープン・イノベーション、クラウド、産学連携、ステークホルダーのニーズ、データサイエンティスト、他企業や他業種との連携
GK-360,Web API,技術分野,AIの社会実装に向けて,AI プロジェクトの進め方,30,ネットワーク経由で別のソフトウェアの機能やデータを利用するための窓口。,AI のビジネス活用、AI プロジェクトの進め方、BPR、CRISP-DM、CRISP-ML、Docker、Jupyter Notebook、MLOps、Python、アジャイル、ウォーターフォール、オープン・イノベーション、クラウド、産学連携、ステークホルダーのニーズ、データサイエンティスト、他企業や他業種との連携
GK-361,アジャイル,技術分野,AIの社会実装に向けて,AI プロジェクトの進め方,40,短い開発サイクルを繰り返し、利用者の反応を取り入れて開発する方法。,AI のビジネス活用、AI プロジェクトの進め方、BPR、CRISP-DM、CRISP-ML、Docker、Jupyter Notebook、MLOps、Python、Web API、ウォーターフォール、オープン・イノベーション、クラウド、産学連携、ステークホルダーのニーズ、データサイエンティスト、他企業や他業種との連携
GK-362,ウォーターフォール,技術分野,AIの社会実装に向けて,AI プロジェクトの進め方,6,要件定義から設計、実装、テストへ順番に進める開発方法。,AI のビジネス活用、AI プロジェクトの進め方、BPR、CRISP-DM、CRISP-ML、Docker、Jupyter Notebook、MLOps、Python、Web API、アジャイル、オープン・イノベーション、クラウド、産学連携、ステークホルダーのニーズ、データサイエンティスト、他企業や他業種との連携
GK-363,オープン・イノベーション,技術分野,AIの社会実装に向けて,AI プロジェクトの進め方,0,組織の内外の知識や技術を組み合わせて新しい価値を生み出す考え方。,AI のビジネス活用、AI プロジェクトの進め方、BPR、CRISP-DM、CRISP-ML、Docker、Jupyter Notebook、MLOps、Python、Web API、アジャイル、ウォーターフォール、クラウド、産学連携、ステークホルダーのニーズ、データサイエンティスト、他企業や他業種との連携
GK-364,クラウド,技術分野,AIの社会実装に向けて,AI プロジェクトの進め方,62,ネットワーク越しに計算資源やソフトウェアを必要な分だけ利用する形態。,AI のビジネス活用、AI プロジェクトの進め方、BPR、CRISP-DM、CRISP-ML、Docker、Jupyter Notebook、MLOps、Python、Web API、アジャイル、ウォーターフォール、オープン・イノベーション、産学連携、ステークホルダーのニーズ、データサイエンティスト、他企業や他業種との連携
GK-365,産学連携,技術分野,AIの社会実装に向けて,AI プロジェクトの進め方,29,大学などの研究機関と企業が研究や事業で協力すること。,AI のビジネス活用、AI プロジェクトの進め方、BPR、CRISP-DM、CRISP-ML、Docker、Jupyter Notebook、MLOps、Python、Web API、アジャイル、ウォーターフォール、オープン・イノベーション、クラウド、ステークホルダーのニーズ、データサイエンティスト、他企業や他業種との連携
GK-366,ステークホルダーのニーズ,技術分野,AIの社会実装に向けて,AI プロジェクトの進め方,20,プロジェクトに関係する人や組織が求める価値や要件。,AI のビジネス活用、AI プロジェクトの進め方、BPR、CRISP-DM、CRISP-ML、Docker、Jupyter Notebook、MLOps、Python、Web API、アジャイル、ウォーターフォール、オープン・イノベーション、クラウド、産学連携、データサイエンティスト、他企業や他業種との連携
GK-367,データサイエンティスト,技術分野,AIの社会実装に向けて,AI プロジェクトの進め方,29,統計、機械学習、業務知識を使ってデータから価値を生み出す専門職。,AI のビジネス活用、AI プロジェクトの進め方、BPR、CRISP-DM、CRISP-ML、Docker、Jupyter Notebook、MLOps、Python、Web API、アジャイル、ウォーターフォール、オープン・イノベーション、クラウド、産学連携、ステークホルダーのニーズ、他企業や他業種との連携
GK-368,他企業や他業種との連携,技術分野,AIの社会実装に向けて,AI プロジェクトの進め方,0,異なる企業や業界がデータ、技術、知見を共有して協力すること。,AI のビジネス活用、AI プロジェクトの進め方、BPR、CRISP-DM、CRISP-ML、Docker、Jupyter Notebook、MLOps、Python、Web API、アジャイル、ウォーターフォール、オープン・イノベーション、クラウド、産学連携、ステークホルダーのニーズ、データサイエンティスト
GK-369,アノテーション,技術分野,AIの社会実装に向けて,データの収集・加工・分析・学習,54,データに正解ラベルや説明情報を付ける作業。,オープンデータセット、コーパス、データリーケージ
GK-370,オープンデータセット,技術分野,AIの社会実装に向けて,データの収集・加工・分析・学習,29,利用条件のもとで公開され、研究や開発に利用できるデータ集合。,アノテーション、コーパス、データリーケージ
GK-371,コーパス,技術分野,AIの社会実装に向けて,データの収集・加工・分析・学習,48,言語研究や自然言語処理に使うために収集・整理された文章や音声の集合。,アノテーション、オープンデータセット、データリーケージ
GK-372,データリーケージ,技術分野,AIの社会実装に向けて,データの収集・加工・分析・学習,31,学習時には利用できない評価データや将来情報が混入し、実力以上に高い性能が得られる問題。,アノテーション、オープンデータセット、コーパス
GK-373,移動平均,技術分野,AIに必要な数理・統計知識,AIに必要な数理・統計知識,33,時系列の連続した一定区間の平均を順に計算した値。,確率分布、確率変数、確率密度、疑似相関、期待値、帰無仮説、共分散、コサイン類似度、最小二乗法、最頻値、最尤法、条件付き確率、正規分布、相関係数、相互情報量、対立仮説、中央値、度数分布、二項分布、外れ値、標準偏差、平均、分散、偏相関係数、ベルヌーイ分布、ポアソン分布、マハラノビス距離、ユークリッド距離
GK-374,確率分布,技術分野,AIに必要な数理・統計知識,AIに必要な数理・統計知識,75,確率変数がどの値をどの程度の確率で取るかを表す規則。,移動平均、確率変数、確率密度、疑似相関、期待値、帰無仮説、共分散、コサイン類似度、最小二乗法、最頻値、最尤法、条件付き確率、正規分布、相関係数、相互情報量、対立仮説、中央値、度数分布、二項分布、外れ値、標準偏差、平均、分散、偏相関係数、ベルヌーイ分布、ポアソン分布、マハラノビス距離、ユークリッド距離
GK-375,確率変数,技術分野,AIに必要な数理・統計知識,AIに必要な数理・統計知識,3,結果が偶然によって決まり、数値として表される変数。,移動平均、確率分布、確率密度、疑似相関、期待値、帰無仮説、共分散、コサイン類似度、最小二乗法、最頻値、最尤法、条件付き確率、正規分布、相関係数、相互情報量、対立仮説、中央値、度数分布、二項分布、外れ値、標準偏差、平均、分散、偏相関係数、ベルヌーイ分布、ポアソン分布、マハラノビス距離、ユークリッド距離
GK-376,確率密度,技術分野,AIに必要な数理・統計知識,AIに必要な数理・統計知識,0,連続確率変数が各範囲に現れやすい度合いを表す関数で、区間の確率はその区間の面積に対応する。,移動平均、確率分布、確率変数、疑似相関、期待値、帰無仮説、共分散、コサイン類似度、最小二乗法、最頻値、最尤法、条件付き確率、正規分布、相関係数、相互情報量、対立仮説、中央値、度数分布、二項分布、外れ値、標準偏差、平均、分散、偏相関係数、ベルヌーイ分布、ポアソン分布、マハラノビス距離、ユークリッド距離
GK-377,疑似相関,技術分野,AIに必要な数理・統計知識,AIに必要な数理・統計知識,1,直接の因果関係がない二つの変数に、見かけ上の相関が現れること。,移動平均、確率分布、確率変数、確率密度、期待値、帰無仮説、共分散、コサイン類似度、最小二乗法、最頻値、最尤法、条件付き確率、正規分布、相関係数、相互情報量、対立仮説、中央値、度数分布、二項分布、外れ値、標準偏差、平均、分散、偏相関係数、ベルヌーイ分布、ポアソン分布、マハラノビス距離、ユークリッド距離
GK-378,期待値,技術分野,AIに必要な数理・統計知識,AIに必要な数理・統計知識,90,確率変数が取る値を確率で重み付けして平均した値。,移動平均、確率分布、確率変数、確率密度、疑似相関、帰無仮説、共分散、コサイン類似度、最小二乗法、最頻値、最尤法、条件付き確率、正規分布、相関係数、相互情報量、対立仮説、中央値、度数分布、二項分布、外れ値、標準偏差、平均、分散、偏相関係数、ベルヌーイ分布、ポアソン分布、マハラノビス距離、ユークリッド距離
GK-379,帰無仮説,技術分野,AIに必要な数理・統計知識,AIに必要な数理・統計知識,0,統計検定で、差や効果がないと仮定する仮説。,移動平均、確率分布、確率変数、確率密度、疑似相関、期待値、共分散、コサイン類似度、最小二乗法、最頻値、最尤法、条件付き確率、正規分布、相関係数、相互情報量、対立仮説、中央値、度数分布、二項分布、外れ値、標準偏差、平均、分散、偏相関係数、ベルヌーイ分布、ポアソン分布、マハラノビス距離、ユークリッド距離
GK-380,共分散,技術分野,AIに必要な数理・統計知識,AIに必要な数理・統計知識,71,二つの変数が同じ方向に変化する程度を表す量。,移動平均、確率分布、確率変数、確率密度、疑似相関、期待値、帰無仮説、コサイン類似度、最小二乗法、最頻値、最尤法、条件付き確率、正規分布、相関係数、相互情報量、対立仮説、中央値、度数分布、二項分布、外れ値、標準偏差、平均、分散、偏相関係数、ベルヌーイ分布、ポアソン分布、マハラノビス距離、ユークリッド距離
GK-381,コサイン類似度,技術分野,AIに必要な数理・統計知識,AIに必要な数理・統計知識,53,二つのベクトルの向きの近さを、内積と長さから測る指標。,移動平均、確率分布、確率変数、確率密度、疑似相関、期待値、帰無仮説、共分散、最小二乗法、最頻値、最尤法、条件付き確率、正規分布、相関係数、相互情報量、対立仮説、中央値、度数分布、二項分布、外れ値、標準偏差、平均、分散、偏相関係数、ベルヌーイ分布、ポアソン分布、マハラノビス距離、ユークリッド距離
GK-382,最小二乗法,技術分野,AIに必要な数理・統計知識,AIに必要な数理・統計知識,15,観測値とモデルの予測値の差の二乗和を最小にする推定方法。,移動平均、確率分布、確率変数、確率密度、疑似相関、期待値、帰無仮説、共分散、コサイン類似度、最頻値、最尤法、条件付き確率、正規分布、相関係数、相互情報量、対立仮説、中央値、度数分布、二項分布、外れ値、標準偏差、平均、分散、偏相関係数、ベルヌーイ分布、ポアソン分布、マハラノビス距離、ユークリッド距離
GK-383,最頻値,技術分野,AIに必要な数理・統計知識,AIに必要な数理・統計知識,6,データの中で最も多く現れる値。,移動平均、確率分布、確率変数、確率密度、疑似相関、期待値、帰無仮説、共分散、コサイン類似度、最小二乗法、最尤法、条件付き確率、正規分布、相関係数、相互情報量、対立仮説、中央値、度数分布、二項分布、外れ値、標準偏差、平均、分散、偏相関係数、ベルヌーイ分布、ポアソン分布、マハラノビス距離、ユークリッド距離
GK-384,最尤法,技術分野,AIに必要な数理・統計知識,AIに必要な数理・統計知識,3,観測データが最も起こりやすくなるパラメータを推定する方法。,移動平均、確率分布、確率変数、確率密度、疑似相関、期待値、帰無仮説、共分散、コサイン類似度、最小二乗法、最頻値、条件付き確率、正規分布、相関係数、相互情報量、対立仮説、中央値、度数分布、二項分布、外れ値、標準偏差、平均、分散、偏相関係数、ベルヌーイ分布、ポアソン分布、マハラノビス距離、ユークリッド距離
GK-385,条件付き確率,技術分野,AIに必要な数理・統計知識,AIに必要な数理・統計知識,9,ある事象が起きたという条件のもとで、別の事象が起きる確率。,移動平均、確率分布、確率変数、確率密度、疑似相関、期待値、帰無仮説、共分散、コサイン類似度、最小二乗法、最頻値、最尤法、正規分布、相関係数、相互情報量、対立仮説、中央値、度数分布、二項分布、外れ値、標準偏差、平均、分散、偏相関係数、ベルヌーイ分布、ポアソン分布、マハラノビス距離、ユークリッド距離
GK-386,正規分布,技術分野,AIに必要な数理・統計知識,AIに必要な数理・統計知識,31,平均を中心に左右対称な釣鐘型をした確率分布。,移動平均、確率分布、確率変数、確率密度、疑似相関、期待値、帰無仮説、共分散、コサイン類似度、最小二乗法、最頻値、最尤法、条件付き確率、相関係数、相互情報量、対立仮説、中央値、度数分布、二項分布、外れ値、標準偏差、平均、分散、偏相関係数、ベルヌーイ分布、ポアソン分布、マハラノビス距離、ユークリッド距離
GK-387,相関係数,技術分野,AIに必要な数理・統計知識,AIに必要な数理・統計知識,55,二つの変数の直線的な関係の強さと向きを表す指標。,移動平均、確率分布、確率変数、確率密度、疑似相関、期待値、帰無仮説、共分散、コサイン類似度、最小二乗法、最頻値、最尤法、条件付き確率、正規分布、相互情報量、対立仮説、中央値、度数分布、二項分布、外れ値、標準偏差、平均、分散、偏相関係数、ベルヌーイ分布、ポアソン分布、マハラノビス距離、ユークリッド距離
GK-388,相互情報量,技術分野,AIに必要な数理・統計知識,AIに必要な数理・統計知識,7,一方の変数を知ることで、もう一方の不確実性がどれだけ減るかを表す量。,移動平均、確率分布、確率変数、確率密度、疑似相関、期待値、帰無仮説、共分散、コサイン類似度、最小二乗法、最頻値、最尤法、条件付き確率、正規分布、相関係数、対立仮説、中央値、度数分布、二項分布、外れ値、標準偏差、平均、分散、偏相関係数、ベルヌーイ分布、ポアソン分布、マハラノビス距離、ユークリッド距離
GK-389,対立仮説,技術分野,AIに必要な数理・統計知識,AIに必要な数理・統計知識,0,統計検定で、差や効果があると主張する仮説。,移動平均、確率分布、確率変数、確率密度、疑似相関、期待値、帰無仮説、共分散、コサイン類似度、最小二乗法、最頻値、最尤法、条件付き確率、正規分布、相関係数、相互情報量、中央値、度数分布、二項分布、外れ値、標準偏差、平均、分散、偏相関係数、ベルヌーイ分布、ポアソン分布、マハラノビス距離、ユークリッド距離
GK-390,中央値,技術分野,AIに必要な数理・統計知識,AIに必要な数理・統計知識,15,データを順に並べたとき中央に位置する値。,移動平均、確率分布、確率変数、確率密度、疑似相関、期待値、帰無仮説、共分散、コサイン類似度、最小二乗法、最頻値、最尤法、条件付き確率、正規分布、相関係数、相互情報量、対立仮説、度数分布、二項分布、外れ値、標準偏差、平均、分散、偏相関係数、ベルヌーイ分布、ポアソン分布、マハラノビス距離、ユークリッド距離
GK-391,度数分布,技術分野,AIに必要な数理・統計知識,AIに必要な数理・統計知識,0,値の範囲ごとにデータ数を集計した分布。,移動平均、確率分布、確率変数、確率密度、疑似相関、期待値、帰無仮説、共分散、コサイン類似度、最小二乗法、最頻値、最尤法、条件付き確率、正規分布、相関係数、相互情報量、対立仮説、中央値、二項分布、外れ値、標準偏差、平均、分散、偏相関係数、ベルヌーイ分布、ポアソン分布、マハラノビス距離、ユークリッド距離
GK-392,二項分布,技術分野,AIに必要な数理・統計知識,AIに必要な数理・統計知識,3,同じ成功確率で行う独立な成功・失敗試行を一定回数繰り返したときの、成功回数の分布。,移動平均、確率分布、確率変数、確率密度、疑似相関、期待値、帰無仮説、共分散、コサイン類似度、最小二乗法、最頻値、最尤法、条件付き確率、正規分布、相関係数、相互情報量、対立仮説、中央値、度数分布、外れ値、標準偏差、平均、分散、偏相関係数、ベルヌーイ分布、ポアソン分布、マハラノビス距離、ユークリッド距離
GK-393,外れ値,技術分野,AIに必要な数理・統計知識,AIに必要な数理・統計知識,75,他のデータから大きく離れた値。,移動平均、確率分布、確率変数、確率密度、疑似相関、期待値、帰無仮説、共分散、コサイン類似度、最小二乗法、最頻値、最尤法、条件付き確率、正規分布、相関係数、相互情報量、対立仮説、中央値、度数分布、二項分布、標準偏差、平均、分散、偏相関係数、ベルヌーイ分布、ポアソン分布、マハラノビス距離、ユークリッド距離
GK-394,標準偏差,技術分野,AIに必要な数理・統計知識,AIに必要な数理・統計知識,87,データのばらつきを、元のデータと同じ単位で表す指標。,移動平均、確率分布、確率変数、確率密度、疑似相関、期待値、帰無仮説、共分散、コサイン類似度、最小二乗法、最頻値、最尤法、条件付き確率、正規分布、相関係数、相互情報量、対立仮説、中央値、度数分布、二項分布、外れ値、平均、分散、偏相関係数、ベルヌーイ分布、ポアソン分布、マハラノビス距離、ユークリッド距離
GK-395,平均,技術分野,AIに必要な数理・統計知識,AIに必要な数理・統計知識,486,データの値を合計し、個数で割った代表値。,移動平均、確率分布、確率変数、確率密度、疑似相関、期待値、帰無仮説、共分散、コサイン類似度、最小二乗法、最頻値、最尤法、条件付き確率、正規分布、相関係数、相互情報量、対立仮説、中央値、度数分布、二項分布、外れ値、標準偏差、分散、偏相関係数、ベルヌーイ分布、ポアソン分布、マハラノビス距離、ユークリッド距離
GK-396,分散,技術分野,AIに必要な数理・統計知識,AIに必要な数理・統計知識,335,データの平均との差の二乗を平均した、ばらつきの指標。,移動平均、確率分布、確率変数、確率密度、疑似相関、期待値、帰無仮説、共分散、コサイン類似度、最小二乗法、最頻値、最尤法、条件付き確率、正規分布、相関係数、相互情報量、対立仮説、中央値、度数分布、二項分布、外れ値、標準偏差、平均、偏相関係数、ベルヌーイ分布、ポアソン分布、マハラノビス距離、ユークリッド距離
GK-397,偏相関係数,技術分野,AIに必要な数理・統計知識,AIに必要な数理・統計知識,0,他の変数の影響を取り除いたうえで、二変数の関係を表す指標。,移動平均、確率分布、確率変数、確率密度、疑似相関、期待値、帰無仮説、共分散、コサイン類似度、最小二乗法、最頻値、最尤法、条件付き確率、正規分布、相関係数、相互情報量、対立仮説、中央値、度数分布、二項分布、外れ値、標準偏差、平均、分散、ベルヌーイ分布、ポアソン分布、マハラノビス距離、ユークリッド距離
GK-398,ベルヌーイ分布,技術分野,AIに必要な数理・統計知識,AIに必要な数理・統計知識,3,成功・失敗など二つの結果だけを取る確率変数の分布。,移動平均、確率分布、確率変数、確率密度、疑似相関、期待値、帰無仮説、共分散、コサイン類似度、最小二乗法、最頻値、最尤法、条件付き確率、正規分布、相関係数、相互情報量、対立仮説、中央値、度数分布、二項分布、外れ値、標準偏差、平均、分散、偏相関係数、ポアソン分布、マハラノビス距離、ユークリッド距離
GK-399,ポアソン分布,技術分野,AIに必要な数理・統計知識,AIに必要な数理・統計知識,5,一定時間や空間内に起きる事象の回数を表す確率分布。,移動平均、確率分布、確率変数、確率密度、疑似相関、期待値、帰無仮説、共分散、コサイン類似度、最小二乗法、最頻値、最尤法、条件付き確率、正規分布、相関係数、相互情報量、対立仮説、中央値、度数分布、二項分布、外れ値、標準偏差、平均、分散、偏相関係数、ベルヌーイ分布、マハラノビス距離、ユークリッド距離
GK-400,マハラノビス距離,技術分野,AIに必要な数理・統計知識,AIに必要な数理・統計知識,2,変数間の相関とばらつきを考慮して測る距離。,移動平均、確率分布、確率変数、確率密度、疑似相関、期待値、帰無仮説、共分散、コサイン類似度、最小二乗法、最頻値、最尤法、条件付き確率、正規分布、相関係数、相互情報量、対立仮説、中央値、度数分布、二項分布、外れ値、標準偏差、平均、分散、偏相関係数、ベルヌーイ分布、ポアソン分布、ユークリッド距離
GK-401,ユークリッド距離,技術分野,AIに必要な数理・統計知識,AIに必要な数理・統計知識,46,二点間の直線的な距離を表す、最も基本的な距離。,移動平均、確率分布、確率変数、確率密度、疑似相関、期待値、帰無仮説、共分散、コサイン類似度、最小二乗法、最頻値、最尤法、条件付き確率、正規分布、相関係数、相互情報量、対立仮説、中央値、度数分布、二項分布、外れ値、標準偏差、平均、分散、偏相関係数、ベルヌーイ分布、ポアソン分布、マハラノビス距離
GK-402,GDPR,法律・倫理分野,AIに関する法律と契約,個人情報保護法,93,EU域内の個人データの保護と、その処理に関するルールを定めた規則。,仮名加工情報、個人識別符号、個人データ、個人情報、第三者提供、匿名加工情報、保有個人データ、要配慮個人情報、利用目的、委託
GK-403,仮名加工情報,法律・倫理分野,AIに関する法律と契約,個人情報保護法,67,他の情報と照合しなければ特定の個人を識別できないよう加工した個人に関する情報。,GDPR、個人識別符号、個人データ、個人情報、第三者提供、匿名加工情報、保有個人データ、要配慮個人情報、利用目的、委託
GK-404,個人識別符号,法律・倫理分野,AIに関する法律と契約,個人情報保護法,69,個人を識別できる身体的特徴や番号などの符号。,GDPR、仮名加工情報、個人データ、個人情報、第三者提供、匿名加工情報、保有個人データ、要配慮個人情報、利用目的、委託
GK-405,個人データ,法律・倫理分野,AIに関する法律と契約,個人情報保護法,160,個人情報データベース等を構成する個人情報で、検索できるなど体系的に整理されたもの。,GDPR、仮名加工情報、個人識別符号、個人情報、第三者提供、匿名加工情報、保有個人データ、要配慮個人情報、利用目的、委託
GK-406,個人情報,法律・倫理分野,AIに関する法律と契約,個人情報保護法,232,生存する個人を識別できる情報、または他の情報と容易に照合できる情報。,GDPR、仮名加工情報、個人識別符号、個人データ、第三者提供、匿名加工情報、保有個人データ、要配慮個人情報、利用目的、委託
GK-407,第三者提供,法律・倫理分野,AIに関する法律と契約,個人情報保護法,82,事業者が保有する個人データを、本人や自らの委託先ではない別の事業者・個人に提供すること。原則として本人同意などの条件が必要。,GDPR、仮名加工情報、個人識別符号、個人データ、個人情報、匿名加工情報、保有個人データ、要配慮個人情報、利用目的、委託
GK-408,匿名加工情報,法律・倫理分野,AIに関する法律と契約,個人情報保護法,75,特定の個人を識別できず、元の個人情報を復元できないよう加工した情報。個人情報には該当しない。,GDPR、仮名加工情報、個人識別符号、個人データ、個人情報、第三者提供、保有個人データ、要配慮個人情報、利用目的、委託
GK-409,保有個人データ,法律・倫理分野,AIに関する法律と契約,個人情報保護法,63,事業者が開示や訂正などに応じる権限を持つ個人データ。,GDPR、仮名加工情報、個人識別符号、個人データ、個人情報、第三者提供、匿名加工情報、要配慮個人情報、利用目的、委託
GK-410,要配慮個人情報,法律・倫理分野,AIに関する法律と契約,個人情報保護法,67,人種、病歴など、取扱いに特に配慮が必要な個人情報。,GDPR、仮名加工情報、個人識別符号、個人データ、個人情報、第三者提供、匿名加工情報、保有個人データ、利用目的、委託
GK-411,利用目的,法律・倫理分野,AIに関する法律と契約,個人情報保護法,85,個人情報をどのような業務や処理に使うかという目的。,GDPR、仮名加工情報、個人識別符号、個人データ、個人情報、第三者提供、匿名加工情報、保有個人データ、要配慮個人情報、委託
GK-412,委託,法律・倫理分野,AIに関する法律と契約,個人情報保護法,20,個人情報の取扱いを、業務の一部として別の事業者に任せること。,GDPR、仮名加工情報、個人識別符号、個人データ、個人情報、第三者提供、匿名加工情報、保有個人データ、要配慮個人情報、利用目的
GK-413,創作性,法律・倫理分野,AIに関する法律と契約,著作権法,63,表現に作り手の個性が現れていることを示す、著作物の要件。,著作物、AI 生成物、著作権侵害、著作権
GK-414,著作物,法律・倫理分野,AIに関する法律と契約,著作権法,100,思想や感情を創作的に表現した、文芸・学術・美術・音楽の成果物。,創作性、AI 生成物、著作権侵害、著作権
GK-415,AI 生成物,法律・倫理分野,AIに関する法律と契約,著作権法,60,AIを利用して作られた文章、画像、音声などの成果物。,創作性、著作物、著作権侵害、著作権
GK-416,利用規約,法律・倫理分野,AIに関する法律と契約,著作権法 / AIサービス提供契約,138,サービスやソフトウェアの利用条件を定めた契約上のルール。,
GK-417,著作権侵害,法律・倫理分野,AIに関する法律と契約,著作権法,61,著作権法上の例外を除き、権利者の許諾なく複製・公衆送信・翻案などを行い、著作権を侵害すること。,創作性、著作物、AI 生成物、著作権
GK-418,著作権,法律・倫理分野,AIに関する法律と契約,著作権法,290,創作された著作物の利用を著作者に認める知的財産権。,創作性、著作物、AI 生成物、著作権侵害
GK-419,発明,法律・倫理分野,AIに関する法律と契約,特許法,165,自然法則を利用した高度な技術的思想の創作。,新規性、進歩性、知的財産権、発明者、職務発明、特許権
GK-420,新規性,法律・倫理分野,AIに関する法律と契約,特許法,70,出願前に公知となっておらず、新しい発明である性質。,発明、進歩性、知的財産権、発明者、職務発明、特許権
GK-421,進歩性,法律・倫理分野,AIに関する法律と契約,特許法,67,当業者が先行技術から容易に想到できない程度の工夫がある発明の性質。,発明、新規性、知的財産権、発明者、職務発明、特許権
GK-422,知的財産権,法律・倫理分野,AIに関する法律と契約,特許法,58,発明、著作物、商標など知的成果や識別標識を保護する権利の総称。,発明、新規性、進歩性、発明者、職務発明、特許権
GK-423,発明者,法律・倫理分野,AIに関する法律と契約,特許法,13,発明を実際に創作した自然人。,発明、新規性、進歩性、知的財産権、職務発明、特許権
GK-424,職務発明,法律・倫理分野,AIに関する法律と契約,特許法,63,従業者が職務として行った発明で、事業者の業務範囲に属するもの。,発明、新規性、進歩性、知的財産権、発明者、特許権
GK-425,特許権,法律・倫理分野,AIに関する法律と契約,特許法,135,特許発明を一定期間、業として独占的に実施できる権利。,発明、新規性、進歩性、知的財産権、発明者、職務発明
GK-426,営業秘密,法律・倫理分野,AIに関する法律と契約,不正競争防止法,195,秘密として管理され、有用で、かつ公然と知られていない技術上・営業上の情報。,限定提供データ
GK-427,限定提供データ,法律・倫理分野,AIに関する法律と契約,不正競争防止法,126,業として特定の者に提供され、電磁的方法で相当量蓄積・管理された技術上または営業上の情報（営業秘密を除く）。,営業秘密
GK-428,競争制限,法律・倫理分野,AIに関する法律と契約,独占禁止法,4,事業者間の競争を妨げ、価格や取引条件を不当に固定する行為や状態。,公正競争阻害性
GK-429,公正競争阻害性,法律・倫理分野,AIに関する法律と契約,独占禁止法,0,公正で自由な競争を妨げるおそれがある性質。,競争制限
GK-430,AI・データの利用に関する契約ガイドライン,法律・倫理分野,AIに関する法律と契約,AI開発委託契約,4,AIやデータを利用する契約で、権利・責任・リスク分担を検討するための指針。,NDA、請負契約、準委任契約、保守契約
GK-431,NDA,法律・倫理分野,AIに関する法律と契約,AI開発委託契約,152,秘密情報を第三者へ漏らさない義務を定める秘密保持契約。,AI・データの利用に関する契約ガイドライン、請負契約、準委任契約、保守契約
GK-432,請負契約,法律・倫理分野,AIに関する法律と契約,AI開発委託契約,16,請負人が仕事の完成を約束し、発注者がその結果に対して報酬を支払う契約。,AI・データの利用に関する契約ガイドライン、NDA、準委任契約、保守契約
GK-433,準委任契約,法律・倫理分野,AIに関する法律と契約,AI開発委託契約,17,法律行為でない事務の処理を委ね、善管注意義務などを負う契約。,AI・データの利用に関する契約ガイドライン、NDA、請負契約、保守契約
GK-434,精度保証,法律・倫理分野,AIに関する法律と契約,AI開発委託契約 / AIサービス提供契約,59,システムやAIが満たすべき性能水準を契約などで定めること。,
GK-435,保守契約,法律・倫理分野,AIに関する法律と契約,AI開発委託契約,62,システムの障害対応、修正、点検などを継続的に行う契約。,AI・データの利用に関する契約ガイドライン、NDA、請負契約、準委任契約
GK-436,SaaS,法律・倫理分野,AIに関する法律と契約,AIサービス提供契約,79,ソフトウェアを利用者の端末へ所有させず、サービスとして提供する形態。,データ利用権
GK-437,データ利用権,法律・倫理分野,AIに関する法律と契約,AIサービス提供契約,64,データをどの範囲で収集・利用・加工・提供できるかを、契約などで定めた権限。法律上、内容が一律に定まった権利名ではない。,SaaS
GK-438,AI 倫理,法律・倫理分野,AI倫理・AIガバナンス,国内外のガイドライン,153,AIの開発・利用が人や社会に与える影響を考える倫理的枠組み。,AI ガバナンス、価値原則、ハードロー、ソフトロー、リスクベースアプローチ
GK-439,AI ガバナンス,法律・倫理分野,AI倫理・AIガバナンス,国内外のガイドライン,68,AIが倫理的・安全かつ法令に沿って運用されるよう、方針・体制・手順を整備して管理する枠組み。,AI 倫理、価値原則、ハードロー、ソフトロー、リスクベースアプローチ
GK-440,価値原則,法律・倫理分野,AI倫理・AIガバナンス,国内外のガイドライン,14,AIの設計や利用で優先すべき、人間中心や公平性などの基本的な価値。,AI 倫理、AI ガバナンス、ハードロー、ソフトロー、リスクベースアプローチ
GK-441,ハードロー,法律・倫理分野,AI倫理・AIガバナンス,国内外のガイドライン,64,法律や規則のように、違反に法的な強制力があるルール。,AI 倫理、AI ガバナンス、価値原則、ソフトロー、リスクベースアプローチ
GK-442,ソフトロー,法律・倫理分野,AI倫理・AIガバナンス,国内外のガイドライン,64,法的強制力は弱いが、指針や行動規範として実務に影響するルール。,AI 倫理、AI ガバナンス、価値原則、ハードロー、リスクベースアプローチ
GK-443,リスクベースアプローチ,法律・倫理分野,AI倫理・AIガバナンス,国内外のガイドライン,65,リスクの大きさに応じて、管理や対策の強さを変える考え方。,AI 倫理、AI ガバナンス、価値原則、ハードロー、ソフトロー
GK-444,カメラ画像利活用ガイドブック,法律・倫理分野,AI倫理・AIガバナンス,プライバシー,51,カメラ画像を事業で利用する際のプライバシー配慮を整理した指針。,プライバシー・バイ・デザイン
GK-445,プライバシー・バイ・デザイン,法律・倫理分野,AI倫理・AIガバナンス,プライバシー,77,サービスの設計段階からプライバシー保護を組み込む考え方。,カメラ画像利活用ガイドブック
GK-446,アルゴリズムバイアス,法律・倫理分野,AI倫理・AIガバナンス,公平性,61,データや設計の偏りによって、AIの判断に特定方向の偏りが生じること。,公平性の定義、サンプリングバイアス、センシティブ属性、代理変数、データの偏り
GK-447,公平性の定義,法律・倫理分野,AI倫理・AIガバナンス,公平性,50,AIの判断が特定のグループを不当に差別・優遇しないことを、数理的または倫理的な基準で表す考え方。,アルゴリズムバイアス、サンプリングバイアス、センシティブ属性、代理変数、データの偏り
GK-448,サンプリングバイアス,法律・倫理分野,AI倫理・AIガバナンス,公平性,62,集めた標本が母集団を適切に代表せず、分析結果に偏りが生じること。,アルゴリズムバイアス、公平性の定義、センシティブ属性、代理変数、データの偏り
GK-449,センシティブ属性,法律・倫理分野,AI倫理・AIガバナンス,公平性,76,人種、性別、病歴など、差別や不利益につながりやすい属性。,アルゴリズムバイアス、公平性の定義、サンプリングバイアス、代理変数、データの偏り
GK-450,代理変数,法律・倫理分野,AI倫理・AIガバナンス,公平性,67,直接測れない属性の代わりに使うが、元の属性と相関する別の変数。,アルゴリズムバイアス、公平性の定義、サンプリングバイアス、センシティブ属性、データの偏り
GK-451,データの偏り,法律・倫理分野,AI倫理・AIガバナンス,公平性,6,データの収集や分布が特定の対象・条件に偏っている状態。,アルゴリズムバイアス、公平性の定義、サンプリングバイアス、センシティブ属性、代理変数
GK-452,Adversarial Attack (Adversarial Examples),法律・倫理分野,AI倫理・AIガバナンス,安全性とセキュリティ,28,入力に人には気づきにくい変化を加え、AIを誤判定させる攻撃。,セキュリティ・バイ・デザイン、データ汚染、データ窃取、モデル窃取、モデル汚染
GK-453,セキュリティ・バイ・デザイン,法律・倫理分野,AI倫理・AIガバナンス,安全性とセキュリティ,0,設計の初期段階からセキュリティ対策を組み込む考え方。,Adversarial Attack (Adversarial Examples)、データ汚染、データ窃取、モデル窃取、モデル汚染
GK-454,データ汚染,法律・倫理分野,AI倫理・AIガバナンス,安全性とセキュリティ,0,学習データへ悪意あるデータを混入させ、モデルの挙動を操作する攻撃。,Adversarial Attack (Adversarial Examples)、セキュリティ・バイ・デザイン、データ窃取、モデル窃取、モデル汚染
GK-455,データ窃取,法律・倫理分野,AI倫理・AIガバナンス,安全性とセキュリティ,0,保存・送信中のデータや学習データを不正に持ち出すこと。,Adversarial Attack (Adversarial Examples)、セキュリティ・バイ・デザイン、データ汚染、モデル窃取、モデル汚染
GK-456,モデル窃取,法律・倫理分野,AI倫理・AIガバナンス,安全性とセキュリティ,0,モデルへの問い合わせ結果などから、モデルの機能やパラメータを不正に再現する攻撃。,Adversarial Attack (Adversarial Examples)、セキュリティ・バイ・デザイン、データ汚染、データ窃取、モデル汚染
GK-457,モデル汚染,法律・倫理分野,AI倫理・AIガバナンス,安全性とセキュリティ,0,学習や更新の過程で悪意あるデータやパラメータ改変を加え、モデルの出力を意図的に歪めること。,Adversarial Attack (Adversarial Examples)、セキュリティ・バイ・デザイン、データ汚染、データ窃取、モデル窃取
GK-458,ディープフェイク,法律・倫理分野,AI倫理・AIガバナンス,悪用,6,深層学習を使って、人物の顔や声などを別の内容に合成した偽コンテンツ。,
GK-459,フェイクニュース,法律・倫理分野,AI倫理・AIガバナンス,悪用 / 民主主義,0,事実に基づかない情報をニュースのように流通させ、世論や社会の意思決定に影響し得るもの。,
GK-460,データの来歴,法律・倫理分野,AI倫理・AIガバナンス,透明性,0,データがどこから来て、どのように加工・利用されたかの履歴。,説明可能性、ブラックボックス
GK-461,説明可能性,法律・倫理分野,AI倫理・AIガバナンス,透明性,36,AIの出力に至った理由や根拠を、人が理解し検討できる性質。,データの来歴、ブラックボックス
GK-462,ブラックボックス,法律・倫理分野,AI倫理・AIガバナンス,透明性,21,内部の仕組みや判断過程が外部から理解しにくいシステム。,データの来歴、説明可能性
GK-463,エコーチェンバー,法律・倫理分野,AI倫理・AIガバナンス,民主主義,4,似た意見の利用者同士で情報が反響し、考えが強化される現象。,フィルターバブル
GK-464,フィルターバブル,法律・倫理分野,AI倫理・AIガバナンス,民主主義,5,個人向け最適化により、利用者が自分の関心に近い情報ばかりを見る状態。,エコーチェンバー
GK-465,気候変動,法律・倫理分野,AI倫理・AIガバナンス,環境保護,0,大気や海洋などの状態が長期的に変化する地球規模の現象。,モデル学習の電力消費
GK-466,モデル学習の電力消費,法律・倫理分野,AI倫理・AIガバナンス,環境保護,0,モデルの学習に必要な計算に伴う電力消費と、それに伴う環境負荷。,気候変動
GK-467,AI との協働,法律・倫理分野,AI倫理・AIガバナンス,労働政策,0,人間とAIがそれぞれの強みを生かして作業や意思決定を行うこと。,スキルの喪失、労働力不足
GK-468,スキルの喪失,法律・倫理分野,AI倫理・AIガバナンス,労働政策,0,技術への過度な依存などにより、人が持っていた能力や技能を失うこと。,AI との協働、労働力不足
GK-469,労働力不足,法律・倫理分野,AI倫理・AIガバナンス,労働政策,0,必要な労働者数に対して、働き手が不足している状態。,AI との協働、スキルの喪失
GK-470,インクルージョン,法律・倫理分野,AI倫理・AIガバナンス,その他の重要な価値,0,多様な人が排除されず、参加し能力を発揮できる状態をつくる考え方。,軍事利用、死者への敬意、人間の自律性
GK-471,軍事利用,法律・倫理分野,AI倫理・AIガバナンス,その他の重要な価値,2,AIやデータを防衛・兵器・軍事作戦などに利用すること。,インクルージョン、死者への敬意、人間の自律性
GK-472,死者への敬意,法律・倫理分野,AI倫理・AIガバナンス,その他の重要な価値,0,故人の人格や尊厳を損なわないよう、AI生成やデータ利用で配慮すること。,インクルージョン、軍事利用、人間の自律性
GK-473,人間の自律性,法律・倫理分野,AI倫理・AIガバナンス,その他の重要な価値,0,AIによる自動判断が、人間の主体的な選択や意思決定を過度に奪わないようにする価値。,インクルージョン、軍事利用、死者への敬意
GK-474,AI ポリシー,法律・倫理分野,AI倫理・AIガバナンス,AIガバナンス,7,組織におけるAIの利用方針、禁止事項、責任、管理方法を定めたもの。,ダイバーシティ、AI に対する監査、倫理アセスメント、人間の関与、モニタリング、再現性、トレーサビリティ
GK-475,ダイバーシティ,法律・倫理分野,AI倫理・AIガバナンス,AIガバナンス,0,性別、年齢、文化、能力などの違いを持つ人が共存する多様性。,AI ポリシー、AI に対する監査、倫理アセスメント、人間の関与、モニタリング、再現性、トレーサビリティ
GK-476,AI に対する監査,法律・倫理分野,AI倫理・AIガバナンス,AIガバナンス,0,AIが法令、倫理基準、内部ルールに沿って設計・運用されているかを検証・評価すること。,AI ポリシー、ダイバーシティ、倫理アセスメント、人間の関与、モニタリング、再現性、トレーサビリティ
GK-477,倫理アセスメント,法律・倫理分野,AI倫理・AIガバナンス,AIガバナンス,0,AIが人や社会に及ぼす倫理的影響を事前・継続的に評価すること。,AI ポリシー、ダイバーシティ、AI に対する監査、人間の関与、モニタリング、再現性、トレーサビリティ
GK-478,人間の関与,法律・倫理分野,AI倫理・AIガバナンス,AIガバナンス,2,AIの判断や自動処理に対して、人が確認・介入・最終判断を行う仕組み。,AI ポリシー、ダイバーシティ、AI に対する監査、倫理アセスメント、モニタリング、再現性、トレーサビリティ
GK-479,モニタリング,法律・倫理分野,AI倫理・AIガバナンス,AIガバナンス,9,AIシステムの性能、入力、出力、障害、リスクを継続的に観測すること。,AI ポリシー、ダイバーシティ、AI に対する監査、倫理アセスメント、人間の関与、再現性、トレーサビリティ
GK-480,再現性,法律・倫理分野,AI倫理・AIガバナンス,AIガバナンス,10,同じ条件や手順で実行したとき、同様の結果を得られる性質。,AI ポリシー、ダイバーシティ、AI に対する監査、倫理アセスメント、人間の関与、モニタリング、トレーサビリティ
GK-481,トレーサビリティ,法律・倫理分野,AI倫理・AIガバナンス,AIガバナンス,1,データやモデルの作成・変更・利用の履歴を追跡できる性質。,AI ポリシー、ダイバーシティ、AI に対する監査、倫理アセスメント、人間の関与、モニタリング、再現性
